{"type":"FeatureCollection", "features": [
{"type":"Feature","geometry":{"type":"Polygon","coordinates":[[[80.911,17.638],[80.866,17.635],[80.855,17.602],[80.969,17.598],[80.998,17.565],[81.015,17.522],[81.08,17.515],[81.099,17.504],[81.124,17.527],[81.16,17.484],[81.148,17.464],[81.203,17.434],[81.246,17.433],[81.269,17.418],[81.313,17.408],[81.323,17.375],[81.305,17.347],[81.274,17.317],[81.19,17.325],[81.177,17.288],[81.186,17.249],[81.171,17.231],[81.08,17.216],[81.056,17.22],[81.038,17.194],[80.998,17.191],[80.919,17.22],[80.924,17.158],[80.879,17.161],[80.871,17.07],[80.845,17.04],[80.797,17.062],[80.699,17.084],[80.666,17.068],[80.671,17.101],[80.637,17.128],[80.58,17.153],[80.564,17.134],[80.514,17.122],[80.505,17.069],[80.465,17.03],[80.439,17.038],[80.409,17.092],[80.387,17.072],[80.407,17.016],[80.388,17.009],[80.371,16.976],[80.45,16.955],[80.493,16.928],[80.498,16.956],[80.535,16.962],[80.602,16.919],[80.596,16.885],[80.568,16.87],[80.563,16.833],[80.605,16.798],[80.57,16.768],[80.504,16.779],[80.464,16.795],[80.466,16.817],[80.427,16.85],[80.38,16.864],[80.341,16.86],[80.322,16.88],[80.325,16.9],[80.284,17.007],[80.265,16.998],[80.187,17.02],[80.14,16.991],[80.095,16.991],[80.091,16.968],[80.055,16.971],[80.04,16.917],[80.017,16.915],[80.004,16.88],[80.017,16.855],[80.073,16.817],[80.053,16.764],[80.055,16.745],[80.031,16.715],[79.996,16.7],[79.965,16.645],[79.932,16.632],[79.908,16.636],[79.892,16.655],[79.886,16.688],[79.859,16.705],[79.812,16.695],[79.784,16.731],[79.745,16.719],[79.716,16.689],[79.679,16.694],[79.635,16.661],[79.604,16.673],[79.542,16.633],[79.51,16.636],[79.44,16.615],[79.419,16.581],[79.337,16.582],[79.296,16.563],[79.262,16.567],[79.245,16.532],[79.227,16.524],[79.215,16.485],[79.233,16.46],[79.212,16.448],[79.211,16.356],[79.234,16.336],[79.231,16.283],[79.215,16.226],[79.17,16.21],[79.124,16.231],[79.104,16.224],[79.029,16.242],[79.009,16.24],[78.987,16.212],[78.96,16.209],[78.911,16.189],[78.905,16.175],[78.923,16.127],[78.918,16.1],[78.89,16.085],[78.877,16.136],[78.835,16.145],[78.842,16.102],[78.837,16.071],[78.786,16.021],[78.736,16.008],[78.681,16.035],[78.65,16.079],[78.61,16.087],[78.552,16.043],[78.479,16.068],[78.408,16.075],[78.365,16.047],[78.327,16.037],[78.307,16.011],[78.263,16.027],[78.257,16.009],[78.251,15.975],[78.251,15.935],[78.187,15.912],[78.19,15.893],[78.168,15.855],[78.134,15.837],[78.084,15.841],[78.026,15.903],[78.009,15.865],[77.975,15.884],[77.939,15.883],[77.89,15.906],[77.861,15.885],[77.804,15.874],[77.713,15.895],[77.695,15.884],[77.658,15.886],[77.613,15.918],[77.549,15.919],[77.513,15.927],[77.466,15.935],[77.435,15.948],[77.379,15.94],[77.349,15.951],[77.185,15.957],[77.103,15.929],[77.07,15.908],[77.025,15.838],[77.063,15.83],[77.064,15.803],[77.049,15.73],[77.08,15.727],[77.079,15.695],[77.129,15.666],[77.121,15.631],[77.083,15.659],[77.03,15.634],[77.026,15.578],[77.029,15.5],[76.975,15.511],[77.011,15.449],[77.035,15.43],[77.031,15.401],[77.047,15.39],[77.045,15.356],[77.074,15.326],[77.117,15.326],[77.118,15.295],[77.152,15.275],[77.125,15.227],[77.155,15.215],[77.169,15.171],[77.157,15.14],[77.156,15.123],[77.13,15.101],[77.113,15.034],[77.085,15.031],[77.082,15.006],[77.044,15.01],[77.05,15.033],[77.004,15.034],[76.966,15.018],[76.95,15.03],[76.878,15.035],[76.861,15.062],[76.802,15.095],[76.774,15.059],[76.79,15.021],[76.761,14.99],[76.767,14.975],[76.842,14.966],[76.867,14.97],[76.864,14.896],[76.852,14.887],[76.851,14.809],[76.837,14.791],[76.783,14.786],[76.803,14.742],[76.776,14.683],[76.765,14.602],[76.78,14.593],[76.805,14.537],[76.856,14.51],[76.868,14.474],[76.901,14.489],[76.975,14.485],[76.948,14.413],[76.916,14.421],[76.885,14.396],[76.885,14.348],[76.903,14.323],[76.946,14.313],[76.957,14.294],[76.925,14.274],[76.94,14.245],[76.986,14.247],[77.006,14.236],[77.056,14.244],[77.081,14.214],[77.115,14.223],[77.11,14.268],[77.139,14.34],[77.167,14.342],[77.197,14.321],[77.246,14.317],[77.287,14.34],[77.283,14.286],[77.357,14.277],[77.36,14.234],[77.38,14.225],[77.391,14.199],[77.419,14.21],[77.409,14.26],[77.387,14.271],[77.378,14.318],[77.412,14.337],[77.446,14.317],[77.448,14.283],[77.478,14.292],[77.503,14.257],[77.494,14.224],[77.506,14.193],[77.505,14.159],[77.421,14.177],[77.394,14.174],[77.379,14.136],[77.4,14.116],[77.361,14.063],[77.34,14.06],[77.332,14.031],[77.39,14.014],[77.38,13.99],[77.426,13.986],[77.433,13.946],[77.412,13.946],[77.421,13.899],[77.354,13.904],[77.349,13.958],[77.361,13.991],[77.311,14.033],[77.285,14.014],[77.27,14.034],[77.245,14.012],[77.171,14.012],[77.141,14.004],[77.131,14.045],[77.075,14.043],[77.032,14.056],[77.02,14.131],[77.022,14.177],[76.961,14.182],[76.895,14.168],[76.89,14.136],[76.944,14.121],[76.948,14.092],[76.973,14.084],[76.972,14.058],[76.933,14.052],[76.949,14.017],[77,13.989],[76.994,13.963],[77.042,13.933],[77.047,13.907],[77.023,13.903],[77.014,13.86],[76.978,13.826],[77.001,13.745],[77.024,13.779],[77.043,13.778],[77.065,13.744],[77.102,13.768],[77.136,13.759],[77.173,13.762],[77.179,13.782],[77.16,13.805],[77.168,13.83],[77.162,13.907],[77.191,13.912],[77.182,13.871],[77.22,13.87],[77.231,13.903],[77.248,13.901],[77.257,13.847],[77.316,13.863],[77.338,13.834],[77.362,13.854],[77.382,13.839],[77.427,13.841],[77.419,13.816],[77.457,13.79],[77.468,13.754],[77.455,13.683],[77.492,13.69],[77.541,13.756],[77.572,13.738],[77.614,13.752],[77.651,13.784],[77.703,13.77],[77.732,13.808],[77.789,13.823],[77.782,13.844],[77.837,13.87],[77.819,13.9],[77.814,13.931],[77.896,13.941],[77.896,13.926],[77.927,13.905],[77.967,13.96],[77.988,13.955],[77.984,13.897],[77.952,13.89],[77.956,13.831],[77.976,13.83],[77.992,13.869],[78.046,13.862],[78.049,13.896],[78.079,13.881],[78.083,13.863],[78.115,13.863],[78.125,13.832],[78.115,13.812],[78.126,13.788],[78.092,13.742],[78.121,13.716],[78.113,13.693],[78.086,13.692],[78.09,13.659],[78.169,13.654],[78.168,13.633],[78.204,13.628],[78.19,13.59],[78.193,13.565],[78.216,13.591],[78.244,13.597],[78.261,13.585],[78.326,13.595],[78.349,13.587],[78.384,13.592],[78.407,13.577],[78.375,13.509],[78.375,13.462],[78.382,13.397],[78.369,13.373],[78.408,13.346],[78.401,13.315],[78.44,13.328],[78.444,13.308],[78.483,13.321],[78.479,13.301],[78.554,13.283],[78.578,13.295],[78.585,13.262],[78.57,13.248],[78.568,13.202],[78.577,13.172],[78.55,13.164],[78.517,13.13],[78.533,13.11],[78.51,13.093],[78.514,13.062],[78.462,13.043],[78.467,12.975],[78.436,12.964],[78.412,12.944],[78.468,12.901],[78.389,12.907],[78.36,12.937],[78.314,12.876],[78.312,12.859],[78.252,12.861],[78.246,12.788],[78.231,12.761],[78.24,12.703],[78.276,12.702],[78.296,12.671],[78.379,12.625],[78.413,12.627],[78.472,12.632],[78.468,12.676],[78.504,12.682],[78.504,12.725],[78.555,12.699],[78.564,12.738],[78.558,12.757],[78.593,12.783],[78.608,12.822],[78.603,12.845],[78.634,12.931],[78.653,12.929],[78.621,12.991],[78.656,13.015],[78.656,13.031],[78.705,13.015],[78.715,13.069],[78.751,13.055],[78.788,13.064],[78.813,13.089],[78.842,13.079],[78.881,13.098],[78.906,13.045],[78.924,13.081],[78.955,13.076],[78.983,13.086],[79.035,13.07],[79.063,13.053],[79.081,13.026],[79.109,13.039],[79.163,13.02],[79.192,13.048],[79.189,13.088],[79.234,13.105],[79.227,13.159],[79.254,13.146],[79.277,13.156],[79.284,13.123],[79.31,13.112],[79.329,13.131],[79.361,13.139],[79.356,13.165],[79.392,13.192],[79.432,13.189],[79.454,13.217],[79.453,13.238],[79.418,13.243],[79.414,13.3],[79.398,13.33],[79.499,13.345],[79.511,13.342],[79.537,13.339],[79.54,13.272],[79.574,13.259],[79.606,13.288],[79.629,13.27],[79.652,13.292],[79.694,13.273],[79.708,13.25],[79.76,13.207],[79.795,13.242],[79.735,13.276],[79.761,13.318],[79.792,13.294],[79.817,13.319],[79.863,13.318],[79.868,13.33],[79.931,13.352],[79.958,13.379],[79.94,13.425],[79.973,13.43],[79.972,13.469],[80.007,13.479],[80.027,13.514],[80.028,13.539],[80.077,13.527],[80.078,13.489],[80.145,13.501],[80.162,13.488],[80.226,13.485],[80.241,13.473],[80.269,13.565],[80.243,13.616],[80.233,13.677],[80.24,13.734],[80.254,13.781],[80.221,13.875],[80.198,13.917],[80.15,14.032],[80.136,14.087],[80.126,14.164],[80.138,14.258],[80.172,14.373],[80.18,14.509],[80.193,14.593],[80.166,14.623],[80.144,14.698],[80.115,14.736],[80.095,14.79],[80.084,14.883],[80.064,14.947],[80.053,15.012],[80.047,15.083],[80.056,15.123],[80.09,15.216],[80.081,15.241],[80.086,15.283],[80.11,15.345],[80.142,15.395],[80.2,15.465],[80.241,15.612],[80.282,15.685],[80.326,15.733],[80.362,15.763],[80.41,15.793],[80.497,15.836],[80.575,15.862],[80.649,15.878],[80.727,15.879],[80.782,15.863],[80.811,15.834],[80.791,15.821],[80.831,15.707],[80.926,15.719],[80.937,15.714],[80.998,15.747],[81.014,15.771],[81.004,15.834],[81.061,15.9],[81.148,15.975],[81.15,16.024],[81.196,16.115],[81.214,16.207],[81.238,16.247],[81.268,16.278],[81.314,16.309],[81.392,16.34],[81.487,16.354],[81.553,16.347],[81.691,16.327],[81.711,16.317],[81.72,16.307],[81.823,16.359],[81.891,16.386],[81.949,16.396],[82.086,16.468],[82.231,16.541],[82.264,16.553],[82.299,16.592],[82.287,16.621],[82.31,16.64],[82.338,16.69],[82.333,16.717],[82.357,16.807],[82.354,16.851],[82.319,16.851],[82.266,16.87],[82.241,16.908],[82.269,16.957],[82.288,17.016],[82.319,17.057],[82.422,17.156],[82.472,17.199],[82.542,17.249],[82.596,17.283],[82.726,17.355],[82.87,17.418],[82.995,17.475],[83.005,17.495],[83.039,17.517],[83.113,17.546],[83.163,17.561],[83.232,17.609],[83.242,17.635],[83.282,17.661],[83.296,17.693],[83.343,17.723],[83.363,17.764],[83.411,17.809],[83.421,17.858],[83.444,17.873],[83.469,17.911],[83.513,17.938],[83.52,17.951],[83.544,17.963],[83.569,18.012],[83.663,18.078],[83.73,18.119],[83.787,18.147],[83.861,18.174],[83.889,18.196],[83.935,18.209],[84.012,18.25],[84.071,18.277],[84.128,18.315],[84.126,18.334],[84.147,18.373],[84.231,18.454],[84.356,18.556],[84.368,18.593],[84.437,18.657],[84.454,18.693],[84.512,18.758],[84.551,18.79],[84.557,18.817],[84.604,18.89],[84.684,18.967],[84.76,19.08],[84.698,19.126],[84.711,19.159],[84.671,19.166],[84.655,19.129],[84.603,19.127],[84.61,19.101],[84.664,19.088],[84.66,19.063],[84.618,19.066],[84.594,19.022],[84.569,19.07],[84.497,19.031],[84.479,18.988],[84.448,18.976],[84.426,18.951],[84.439,18.923],[84.418,18.897],[84.396,18.893],[84.345,18.849],[84.343,18.808],[84.321,18.786],[84.287,18.792],[84.261,18.783],[84.226,18.799],[84.192,18.779],[84.169,18.788],[84.089,18.757],[84.038,18.816],[84.005,18.809],[83.973,18.815],[83.942,18.808],[83.905,18.827],[83.893,18.816],[83.844,18.876],[83.846,18.914],[83.826,18.919],[83.822,18.96],[83.795,19.018],[83.748,18.996],[83.762,18.95],[83.754,18.925],[83.685,19.059],[83.661,19.081],[83.647,19.13],[83.602,19.136],[83.593,19.093],[83.575,19.061],[83.517,19.032],[83.511,19.068],[83.466,19.08],[83.478,19.008],[83.452,19.013],[83.47,18.969],[83.462,18.955],[83.401,19.009],[83.384,19.001],[83.348,19.017],[83.315,19.001],[83.319,18.972],[83.397,18.879],[83.406,18.844],[83.348,18.827],[83.284,18.798],[83.281,18.774],[83.243,18.768],[83.225,18.751],[83.193,18.753],[83.139,18.785],[83.102,18.733],[83.073,18.705],[83.058,18.665],[83.025,18.654],[83,18.62],[83.033,18.579],[83.043,18.547],[83.095,18.548],[83.055,18.486],[83.021,18.456],[83.077,18.404],[83.054,18.38],[83.022,18.392],[82.998,18.386],[82.967,18.359],[82.902,18.374],[82.895,18.424],[82.87,18.419],[82.816,18.451],[82.782,18.431],[82.791,18.363],[82.771,18.338],[82.715,18.322],[82.657,18.296],[82.638,18.237],[82.598,18.264],[82.594,18.328],[82.611,18.332],[82.606,18.376],[82.561,18.4],[82.541,18.422],[82.558,18.44],[82.519,18.466],[82.533,18.487],[82.526,18.516],[82.505,18.514],[82.481,18.54],[82.439,18.507],[82.43,18.486],[82.404,18.464],[82.383,18.434],[82.384,18.366],[82.34,18.323],[82.392,18.326],[82.392,18.298],[82.375,18.281],[82.345,18.281],[82.337,18.241],[82.315,18.184],[82.353,18.172],[82.334,18.127],[82.349,18.088],[82.344,18.058],[82.291,18.069],[82.273,18.057],[82.269,18.001],[82.222,18.002],[82.187,18.015],[82.169,18.052],[82.077,18.075],[82.066,18.057],[82.037,18.068],[82.009,18.058],[81.994,18.027],[81.961,17.999],[81.917,17.99],[81.905,17.977],[81.81,17.951],[81.79,17.921],[81.71,17.872],[81.687,17.886],[81.662,17.881],[81.64,17.839],[81.616,17.822],[81.573,17.837],[81.564,17.826],[81.486,17.814],[81.476,17.837],[81.417,17.814],[81.392,17.815],[81.267,17.809],[81.2,17.846],[81.166,17.858],[81.086,17.798],[81.096,17.762],[81.058,17.733],[81.041,17.748],[80.984,17.756],[80.966,17.78],[80.946,17.76],[80.886,17.736],[80.911,17.638]],[[82.201,16.719],[82.217,16.733],[82.243,16.722],[82.29,16.727],[82.305,16.748],[82.305,16.712],[82.267,16.695],[82.239,16.716],[82.201,16.719]]]},"properties":{"state":"Andhra Pradesh"}},
{"type":"Feature","geometry":{"type":"MultiPolygon","coordinates":[[[[82.201,16.719],[82.239,16.716],[82.267,16.695],[82.305,16.712],[82.305,16.748],[82.29,16.727],[82.243,16.722],[82.217,16.733],[82.201,16.719]]],[[[75.544,11.705],[75.53,11.704],[75.536,11.694],[75.544,11.705]]],[[[79.748,10.996],[79.725,10.93],[79.777,10.897],[79.824,10.884],[79.818,10.863],[79.831,10.827],[79.851,10.828],[79.854,10.983],[79.829,11.002],[79.748,10.996]]],[[[79.796,11.786],[79.805,11.834],[79.798,11.828],[79.737,11.842],[79.72,11.785],[79.756,11.775],[79.796,11.786]]],[[[79.685,11.881],[79.74,11.864],[79.77,11.875],[79.807,11.837],[79.823,11.876],[79.841,11.956],[79.81,11.975],[79.785,11.96],[79.749,11.922],[79.743,11.978],[79.721,11.993],[79.697,11.942],[79.741,11.905],[79.722,11.889],[79.685,11.881]]],[[[79.874,12.042],[79.85,12.051],[79.841,12.013],[79.857,12.006],[79.874,12.042]]]]},"properties":{"state":"Puducherry"}},
{"type":"Feature","geometry":{"type":"MultiPolygon","coordinates":[[[[93.837,7.24],[93.795,7.234],[93.795,7.217],[93.743,7.213],[93.722,7.189],[93.681,7.195],[93.661,7.177],[93.663,7.139],[93.643,7.13],[93.645,7.094],[93.659,7.084],[93.663,7.013],[93.684,7.016],[93.737,6.963],[93.742,6.931],[93.762,6.876],[93.8,6.808],[93.799,6.766],[93.831,6.755],[93.847,6.812],[93.892,6.803],[93.905,6.835],[93.889,6.846],[93.914,6.944],[93.94,6.959],[93.91,6.996],[93.923,7.01],[93.898,7.081],[93.881,7.091],[93.883,7.128],[93.87,7.202],[93.837,7.24]]],[[[93.699,7.447],[93.691,7.401],[93.662,7.375],[93.649,7.384],[93.618,7.363],[93.623,7.322],[93.617,7.265],[93.636,7.243],[93.659,7.26],[93.675,7.292],[93.714,7.312],[93.744,7.377],[93.715,7.398],[93.699,7.447]]],[[[93.369,8.024],[93.323,8.011],[93.301,7.961],[93.308,7.934],[93.329,7.926],[93.335,7.9],[93.368,7.878],[93.389,7.902],[93.432,7.899],[93.443,7.875],[93.466,7.89],[93.452,7.939],[93.405,7.961],[93.369,8.024]]],[[[93.541,8.028],[93.498,7.984],[93.563,7.932],[93.573,7.985],[93.554,8.026],[93.541,8.028]]],[[[93.576,8.119],[93.553,8.121],[93.563,8.068],[93.582,8.098],[93.576,8.119]]],[[[93.513,8.235],[93.482,8.221],[93.466,8.185],[93.442,8.179],[93.451,8.12],[93.485,8.065],[93.54,8.043],[93.537,8.091],[93.494,8.146],[93.502,8.171],[93.535,8.199],[93.535,8.229],[93.513,8.235]]],[[[93.117,8.357],[93.085,8.341],[93.076,8.273],[93.112,8.224],[93.179,8.194],[93.196,8.214],[93.149,8.242],[93.117,8.282],[93.132,8.348],[93.117,8.357]]],[[[93.606,8.574],[93.6,8.545],[93.615,8.513],[93.618,8.469],[93.632,8.468],[93.625,8.524],[93.609,8.543],[93.606,8.574]]],[[[92.786,9.245],[92.762,9.217],[92.717,9.209],[92.714,9.154],[92.727,9.125],[92.767,9.128],[92.801,9.121],[92.826,9.137],[92.83,9.172],[92.818,9.212],[92.786,9.245]]],[[[92.735,12.24],[92.721,12.233],[92.721,12.197],[92.732,12.185],[92.763,12.182],[92.762,12.229],[92.735,12.24]]],[[[92.901,12.264],[92.87,12.245],[92.891,12.231],[92.914,12.231],[92.901,12.264]]],[[[92.884,12.29],[92.855,12.305],[92.834,12.3],[92.81,12.313],[92.784,12.311],[92.782,12.287],[92.742,12.244],[92.77,12.232],[92.769,12.202],[92.757,12.15],[92.738,12.099],[92.739,12.08],[92.771,12.068],[92.809,12.103],[92.83,12.167],[92.854,12.16],[92.867,12.194],[92.871,12.225],[92.858,12.247],[92.877,12.251],[92.891,12.267],[92.884,12.29]]],[[[92.956,12.435],[92.931,12.418],[92.916,12.363],[92.932,12.36],[92.956,12.435]]],[[[92.78,12.858],[92.722,12.825],[92.72,12.789],[92.74,12.725],[92.733,12.689],[92.735,12.639],[92.7,12.6],[92.708,12.556],[92.698,12.542],[92.7,12.47],[92.695,12.429],[92.7,12.333],[92.719,12.3],[92.753,12.296],[92.77,12.316],[92.81,12.316],[92.831,12.303],[92.882,12.333],[92.881,12.357],[92.857,12.364],[92.828,12.424],[92.865,12.426],[92.915,12.406],[92.92,12.444],[92.948,12.454],[92.975,12.543],[92.955,12.604],[92.965,12.677],[92.962,12.754],[92.934,12.773],[92.954,12.806],[92.941,12.854],[92.909,12.902],[92.885,12.893],[92.856,12.936],[92.876,12.945],[92.882,12.984],[92.905,12.985],[92.907,12.95],[92.939,12.967],[92.906,13.015],[92.921,13.04],[92.99,13.024],[93.02,13.05],[93.035,13.083],[93.032,13.178],[93.056,13.232],[93.057,13.257],[92.98,13.332],[93.011,13.353],[93.057,13.33],[93.068,13.352],[93.036,13.418],[93.031,13.465],[93.044,13.531],[93.028,13.578],[92.982,13.569],[92.972,13.544],[92.917,13.538],[92.916,13.501],[92.899,13.479],[92.869,13.465],[92.88,13.429],[92.842,13.41],[92.842,13.379],[92.823,13.326],[92.814,13.268],[92.83,13.243],[92.811,13.166],[92.831,13.126],[92.819,13.103],[92.794,13.09],[92.792,12.931],[92.802,12.897],[92.78,12.858]]],[[[92.695,12.991],[92.67,12.966],[92.679,12.947],[92.663,12.881],[92.647,12.861],[92.665,12.807],[92.703,12.845],[92.722,12.902],[92.719,12.982],[92.695,12.991]]],[[[93.015,13.677],[92.975,13.663],[93.029,13.637],[93.015,13.677]]],[[[92.518,10.901],[92.497,10.897],[92.426,10.818],[92.402,10.784],[92.373,10.783],[92.383,10.721],[92.381,10.67],[92.396,10.667],[92.419,10.615],[92.41,10.584],[92.382,10.544],[92.403,10.531],[92.42,10.548],[92.452,10.543],[92.48,10.518],[92.531,10.516],[92.545,10.55],[92.569,10.577],[92.54,10.613],[92.577,10.673],[92.597,10.678],[92.599,10.706],[92.584,10.741],[92.587,10.79],[92.564,10.816],[92.561,10.865],[92.518,10.901]]],[[[92.636,11.516],[92.621,11.501],[92.609,11.458],[92.623,11.441],[92.622,11.404],[92.587,11.401],[92.58,11.367],[92.598,11.345],[92.638,11.346],[92.689,11.37],[92.692,11.388],[92.663,11.405],[92.684,11.432],[92.671,11.479],[92.636,11.516]]],[[[92.22,11.595],[92.204,11.548],[92.211,11.53],[92.269,11.522],[92.273,11.535],[92.261,11.591],[92.22,11.595]]],[[[92.54,11.605],[92.529,11.573],[92.561,11.571],[92.562,11.596],[92.54,11.605]]],[[[93.012,11.852],[93.01,11.837],[93.044,11.81],[93.059,11.846],[93.012,11.852]]],[[[92.747,12.055],[92.733,12.096],[92.757,12.176],[92.712,12.191],[92.705,12.228],[92.688,12.235],[92.657,12.181],[92.645,12.179],[92.624,12.107],[92.624,12.028],[92.611,11.988],[92.61,11.909],[92.581,11.906],[92.569,11.951],[92.52,11.899],[92.506,11.823],[92.515,11.807],[92.55,11.8],[92.55,11.72],[92.587,11.717],[92.591,11.672],[92.618,11.621],[92.602,11.605],[92.648,11.55],[92.645,11.522],[92.667,11.502],[92.692,11.504],[92.711,11.485],[92.723,11.532],[92.754,11.614],[92.756,11.665],[92.721,11.683],[92.694,11.629],[92.672,11.629],[92.706,11.7],[92.738,11.69],[92.754,11.716],[92.769,11.799],[92.785,11.854],[92.779,11.892],[92.787,11.926],[92.764,11.941],[92.744,11.932],[92.715,11.946],[92.727,11.996],[92.766,11.994],[92.761,12.019],[92.782,12.044],[92.747,12.055]]],[[[92.964,12.05],[92.935,11.983],[92.959,11.98],[92.971,11.948],[92.991,11.942],[93.024,11.888],[93.054,11.897],[93.039,11.948],[93.009,11.999],[93.01,12.031],[92.964,12.05]]],[[[92.99,12.11],[92.958,12.108],[92.957,12.07],[92.99,12.044],[93.004,12.104],[92.99,12.11]]],[[[92.991,12.158],[92.962,12.152],[92.956,12.134],[92.98,12.111],[93.001,12.119],[92.993,12.136],[92.991,12.158]]],[[[93.028,12.167],[93.003,12.147],[92.995,12.132],[93.004,12.117],[93.007,12.098],[93.004,12.078],[93.029,12.064],[93.054,12.079],[93.034,12.101],[93.028,12.167]]],[[[93.07,12.211],[93.056,12.194],[93.037,12.145],[93.057,12.097],[93.075,12.078],[93.096,12.092],[93.102,12.129],[93.086,12.156],[93.092,12.183],[93.07,12.211]]],[[[93.104,12.264],[93.065,12.252],[93.063,12.227],[93.1,12.2],[93.104,12.264]]]]},"properties":{"state":"Andaman and Nicobar Islands"}},
{"type":"Feature","geometry":{"type":"Polygon","coordinates":[[[96.35,28.384],[96.313,28.38],[96.291,28.4],[96.253,28.407],[96.33,28.457],[96.364,28.487],[96.319,28.526],[96.345,28.554],[96.392,28.556],[96.402,28.581],[96.43,28.591],[96.487,28.633],[96.467,28.675],[96.525,28.701],[96.579,28.712],[96.604,28.744],[96.603,28.793],[96.557,28.841],[96.526,28.882],[96.53,28.91],[96.508,28.952],[96.481,28.959],[96.466,28.995],[96.513,29.07],[96.498,29.071],[96.423,29.038],[96.356,29.037],[96.294,29.008],[96.22,28.93],[96.161,28.898],[96.135,28.935],[96.142,28.957],[96.172,28.97],[96.171,28.999],[96.129,29.07],[96.192,29.116],[96.211,29.148],[96.245,29.166],[96.316,29.171],[96.35,29.184],[96.379,29.243],[96.364,29.292],[96.309,29.264],[96.282,29.242],[96.244,29.239],[96.224,29.251],[96.192,29.29],[96.179,29.337],[96.141,29.402],[96.121,29.414],[96.081,29.461],[96.031,29.453],[96.009,29.428],[95.942,29.388],[95.862,29.395],[95.831,29.359],[95.777,29.362],[95.706,29.304],[95.689,29.305],[95.66,29.272],[95.619,29.25],[95.578,29.254],[95.564,29.217],[95.527,29.216],[95.537,29.169],[95.531,29.13],[95.481,29.143],[95.477,29.087],[95.44,29.037],[95.411,29.031],[95.348,29.041],[95.305,29.06],[95.274,29.059],[95.242,29.064],[95.242,29.111],[95.166,29.109],[95.106,29.119],[95.095,29.14],[95.016,29.158],[94.982,29.152],[94.916,29.152],[94.879,29.175],[94.844,29.174],[94.811,29.162],[94.796,29.173],[94.793,29.215],[94.741,29.275],[94.689,29.318],[94.631,29.341],[94.605,29.289],[94.579,29.275],[94.574,29.25],[94.551,29.221],[94.487,29.213],[94.438,29.223],[94.375,29.185],[94.353,29.148],[94.295,29.146],[94.258,29.109],[94.224,29.088],[94.186,29.029],[94.164,28.957],[94.075,28.891],[94.037,28.851],[94.007,28.841],[93.987,28.804],[94.011,28.779],[93.973,28.743],[93.971,28.715],[93.949,28.677],[93.936,28.666],[93.851,28.707],[93.784,28.663],[93.74,28.685],[93.688,28.674],[93.656,28.658],[93.619,28.653],[93.536,28.661],[93.514,28.682],[93.453,28.675],[93.414,28.654],[93.339,28.643],[93.286,28.54],[93.278,28.501],[93.229,28.474],[93.18,28.435],[93.224,28.405],[93.223,28.336],[93.189,28.318],[93.122,28.328],[93.11,28.312],[93.05,28.303],[93.022,28.31],[93.028,28.269],[92.997,28.229],[92.963,28.259],[92.923,28.24],[92.906,28.212],[92.853,28.183],[92.826,28.179],[92.806,28.207],[92.746,28.158],[92.68,28.119],[92.665,28.07],[92.7,28.049],[92.735,28.011],[92.733,27.98],[92.688,27.927],[92.658,27.902],[92.615,27.895],[92.569,27.837],[92.556,27.824],[92.528,27.849],[92.503,27.854],[92.465,27.817],[92.423,27.831],[92.39,27.821],[92.385,27.801],[92.319,27.788],[92.302,27.802],[92.268,27.872],[92.219,27.87],[92.109,27.809],[92.051,27.764],[91.994,27.771],[91.928,27.723],[91.888,27.726],[91.862,27.74],[91.851,27.776],[91.812,27.805],[91.761,27.8],[91.71,27.808],[91.663,27.853],[91.629,27.86],[91.559,27.856],[91.566,27.819],[91.615,27.822],[91.636,27.801],[91.645,27.769],[91.629,27.7],[91.573,27.66],[91.563,27.63],[91.584,27.608],[91.566,27.583],[91.594,27.542],[91.612,27.541],[91.624,27.514],[91.652,27.483],[91.695,27.505],[91.731,27.469],[91.767,27.465],[91.849,27.486],[91.872,27.471],[91.923,27.474],[91.944,27.46],[92.019,27.475],[92.022,27.45],[92.043,27.435],[92.055,27.396],[92.048,27.363],[92.065,27.327],[92.12,27.29],[92.121,27.272],[92.076,27.278],[92.045,27.269],[92.073,27.233],[92.058,27.19],[92.027,27.168],[92.036,27.135],[92.023,27.11],[92.044,27.051],[92.076,27.042],[92.118,26.974],[92.114,26.894],[92.195,26.89],[92.255,26.91],[92.276,26.902],[92.303,26.923],[92.365,26.932],[92.398,26.925],[92.447,26.959],[92.503,26.963],[92.583,26.96],[92.645,26.987],[92.647,27.016],[92.66,27.039],[92.713,27.027],[92.769,27.033],[92.887,27],[92.918,26.982],[92.917,26.963],[92.983,26.936],[93.021,26.914],[93.063,26.922],[93.088,26.914],[93.107,26.926],[93.262,26.954],[93.324,26.96],[93.391,26.958],[93.449,26.951],[93.489,26.936],[93.525,26.949],[93.587,26.95],[93.657,26.966],[93.698,26.994],[93.722,27.021],[93.837,27.074],[93.83,27.11],[93.806,27.152],[93.869,27.202],[93.898,27.236],[93.984,27.323],[94.04,27.352],[94.069,27.374],[94.089,27.407],[94.141,27.447],[94.157,27.475],[94.268,27.521],[94.247,27.569],[94.21,27.608],[94.251,27.638],[94.256,27.611],[94.276,27.591],[94.308,27.591],[94.37,27.575],[94.418,27.598],[94.451,27.572],[94.495,27.574],[94.586,27.618],[94.636,27.625],[94.683,27.659],[94.76,27.663],[94.797,27.696],[94.82,27.692],[94.848,27.706],[94.852,27.727],[95.136,27.816],[95.309,27.868],[95.379,27.839],[95.515,27.88],[95.52,27.881],[95.542,27.908],[95.605,27.955],[95.824,27.971],[95.971,27.962],[95.947,27.938],[95.944,27.912],[95.92,27.896],[95.904,27.863],[95.871,27.833],[95.837,27.824],[95.801,27.776],[95.775,27.754],[95.774,27.731],[95.768,27.705],[95.774,27.652],[95.79,27.646],[95.793,27.598],[95.834,27.559],[95.875,27.547],[95.87,27.467],[95.876,27.435],[95.904,27.429],[95.926,27.44],[95.974,27.422],[95.998,27.394],[96.012,27.359],[95.987,27.346],[95.958,27.31],[95.907,27.289],[95.892,27.255],[95.869,27.26],[95.852,27.287],[95.808,27.275],[95.742,27.267],[95.72,27.249],[95.692,27.253],[95.626,27.232],[95.588,27.223],[95.575,27.243],[95.525,27.264],[95.485,27.241],[95.456,27.203],[95.466,27.167],[95.453,27.129],[95.421,27.126],[95.375,27.093],[95.368,27.107],[95.317,27.083],[95.244,27.026],[95.195,27.033],[95.191,26.987],[95.212,26.965],[95.212,26.931],[95.232,26.917],[95.227,26.895],[95.182,26.861],[95.198,26.839],[95.208,26.795],[95.228,26.786],[95.209,26.729],[95.233,26.706],[95.233,26.682],[95.274,26.659],[95.304,26.651],[95.336,26.674],[95.429,26.701],[95.459,26.744],[95.483,26.747],[95.506,26.8],[95.545,26.834],[95.572,26.816],[95.603,26.812],[95.634,26.868],[95.667,26.903],[95.684,26.896],[95.716,26.878],[95.751,26.909],[95.748,26.926],[95.769,26.977],[95.803,27.015],[95.83,27.007],[95.876,27.014],[95.946,27.052],[95.969,27.1],[96.011,27.142],[96.025,27.181],[96.077,27.208],[96.091,27.223],[96.155,27.248],[96.185,27.249],[96.231,27.276],[96.271,27.271],[96.299,27.293],[96.346,27.286],[96.406,27.288],[96.423,27.302],[96.489,27.296],[96.518,27.286],[96.595,27.34],[96.606,27.366],[96.698,27.358],[96.704,27.372],[96.752,27.352],[96.796,27.346],[96.822,27.308],[96.848,27.29],[96.847,27.272],[96.884,27.26],[96.885,27.226],[96.857,27.193],[96.9,27.169],[96.956,27.164],[96.993,27.14],[97.03,27.13],[97.072,27.09],[97.095,27.103],[97.142,27.095],[97.166,27.135],[97.125,27.174],[97.122,27.19],[97.09,27.216],[97.089,27.238],[97.055,27.265],[97.03,27.306],[96.998,27.319],[96.991,27.344],[96.962,27.374],[96.954,27.407],[96.903,27.453],[96.93,27.524],[96.913,27.544],[96.912,27.581],[96.898,27.614],[96.917,27.625],[96.942,27.661],[96.983,27.664],[97.036,27.742],[97.099,27.747],[97.104,27.77],[97.165,27.811],[97.188,27.844],[97.22,27.864],[97.249,27.899],[97.294,27.912],[97.357,27.879],[97.38,27.897],[97.373,27.968],[97.393,28.001],[97.413,28.015],[97.376,28.04],[97.377,28.06],[97.326,28.053],[97.31,28.075],[97.346,28.114],[97.324,28.137],[97.364,28.189],[97.378,28.218],[97.295,28.262],[97.252,28.266],[97.209,28.288],[97.171,28.286],[97.14,28.328],[97.081,28.351],[97.048,28.339],[97.012,28.31],[96.988,28.303],[96.953,28.328],[96.926,28.337],[96.89,28.378],[96.835,28.361],[96.77,28.367],[96.757,28.4],[96.727,28.422],[96.682,28.436],[96.641,28.458],[96.571,28.452],[96.505,28.411],[96.457,28.414],[96.428,28.376],[96.417,28.341],[96.395,28.336],[96.35,28.384]]]},"properties":{"state":"Arunachal Pradesh"}},
{"type":"Feature","geometry":{"type":"Polygon","coordinates":[[[92.114,26.894],[92.103,26.867],[92.057,26.848],[91.983,26.858],[91.964,26.883],[91.892,26.919],[91.859,26.913],[91.824,26.864],[91.721,26.812],[91.705,26.813],[91.69,26.807],[91.625,26.821],[91.592,26.805],[91.495,26.791],[91.464,26.803],[91.407,26.838],[91.376,26.795],[91.337,26.781],[91.296,26.787],[91.237,26.812],[91.146,26.811],[91.098,26.822],[91.054,26.781],[90.992,26.791],[90.957,26.782],[90.956,26.788],[90.816,26.776],[90.693,26.771],[90.676,26.784],[90.646,26.777],[90.634,26.794],[90.546,26.817],[90.417,26.905],[90.356,26.901],[90.338,26.87],[90.3,26.848],[90.23,26.859],[90.201,26.835],[90.187,26.807],[90.194,26.773],[90.14,26.754],[90.049,26.73],[90.008,26.732],[89.967,26.724],[89.897,26.724],[89.863,26.737],[89.863,26.701],[89.874,26.686],[89.878,26.616],[89.866,26.577],[89.869,26.554],[89.856,26.492],[89.873,26.451],[89.858,26.411],[89.836,26.411],[89.843,26.377],[89.816,26.352],[89.783,26.351],[89.784,26.331],[89.76,26.317],[89.739,26.271],[89.733,26.212],[89.704,26.178],[89.719,26.166],[89.744,26.159],[89.763,26.137],[89.755,26.114],[89.784,26.105],[89.821,26.012],[89.844,26.006],[89.869,25.981],[89.839,25.941],[89.887,25.945],[89.874,25.92],[89.832,25.871],[89.835,25.841],[89.816,25.814],[89.835,25.79],[89.841,25.759],[89.827,25.74],[89.834,25.717],[89.871,25.663],[89.882,25.617],[89.85,25.494],[89.852,25.466],[89.871,25.476],[89.877,25.537],[89.885,25.555],[89.937,25.565],[90.005,25.599],[90.029,25.605],[89.953,25.654],[89.944,25.679],[89.896,25.732],[89.937,25.745],[89.96,25.783],[89.949,25.823],[89.953,25.827],[90.016,25.852],[90.006,25.879],[90.025,25.896],[90.04,25.889],[90.081,25.918],[90.119,25.958],[90.212,25.953],[90.283,25.963],[90.328,25.975],[90.349,26.003],[90.4,26.011],[90.424,25.989],[90.479,26.014],[90.501,26.001],[90.534,25.96],[90.518,25.907],[90.533,25.907],[90.573,25.938],[90.581,25.958],[90.626,25.937],[90.633,25.921],[90.714,25.952],[90.74,25.939],[90.764,25.908],[90.778,25.909],[90.809,25.947],[90.875,25.943],[90.905,25.929],[90.917,25.943],[90.956,25.936],[90.966,25.888],[91.03,25.886],[91.001,25.825],[91.022,25.824],[91.047,25.849],[91.067,25.826],[91.12,25.833],[91.148,25.85],[91.203,25.844],[91.178,25.777],[91.186,25.739],[91.22,25.722],[91.289,25.765],[91.322,25.822],[91.344,25.837],[91.424,25.854],[91.437,25.843],[91.469,25.859],[91.478,25.887],[91.508,25.909],[91.518,25.953],[91.551,25.977],[91.571,26.026],[91.63,26.023],[91.626,25.989],[91.636,25.962],[91.621,25.932],[91.651,25.907],[91.671,25.904],[91.72,25.954],[91.723,26.035],[91.732,26.06],[91.779,26.09],[91.791,26.085],[91.821,26.118],[91.879,26.098],[91.867,26.042],[91.883,26.026],[91.934,26.01],[91.984,26.026],[91.989,26.037],[92.064,26.034],[92.108,26.051],[92.132,26.044],[92.176,26.078],[92.238,26.063],[92.275,26.066],[92.27,26.047],[92.234,26.01],[92.211,26.004],[92.175,25.974],[92.152,25.944],[92.157,25.915],[92.186,25.917],[92.22,25.9],[92.177,25.873],[92.178,25.852],[92.151,25.816],[92.15,25.772],[92.163,25.744],[92.154,25.725],[92.156,25.672],[92.208,25.696],[92.225,25.716],[92.263,25.709],[92.345,25.729],[92.373,25.75],[92.415,25.74],[92.444,25.72],[92.441,25.69],[92.47,25.675],[92.506,25.616],[92.553,25.615],[92.557,25.571],[92.585,25.55],[92.621,25.565],[92.642,25.589],[92.661,25.573],[92.643,25.535],[92.574,25.49],[92.566,25.463],[92.6,25.465],[92.603,25.435],[92.619,25.423],[92.652,25.429],[92.701,25.385],[92.746,25.358],[92.761,25.334],[92.781,25.334],[92.792,25.283],[92.768,25.267],[92.775,25.2],[92.743,25.207],[92.694,25.179],[92.658,25.172],[92.628,25.137],[92.623,25.116],[92.588,25.129],[92.525,25.135],[92.539,25.099],[92.481,25.109],[92.469,25.066],[92.425,25.03],[92.42,24.968],[92.448,24.965],[92.448,24.94],[92.488,24.944],[92.491,24.874],[92.442,24.871],[92.439,24.856],[92.387,24.852],[92.375,24.874],[92.306,24.902],[92.251,24.909],[92.238,24.868],[92.242,24.841],[92.269,24.83],[92.288,24.788],[92.295,24.737],[92.254,24.675],[92.232,24.571],[92.231,24.531],[92.213,24.504],[92.231,24.5],[92.23,24.462],[92.259,24.439],[92.255,24.42],[92.274,24.389],[92.268,24.368],[92.213,24.25],[92.298,24.253],[92.423,24.255],[92.419,24.193],[92.437,24.153],[92.465,24.136],[92.534,24.18],[92.551,24.247],[92.612,24.253],[92.623,24.332],[92.649,24.329],[92.661,24.348],[92.69,24.354],[92.749,24.495],[92.763,24.521],[92.797,24.433],[92.82,24.404],[92.826,24.377],[92.862,24.399],[92.907,24.411],[92.934,24.392],[92.976,24.408],[93.009,24.412],[93.025,24.407],[93.036,24.458],[93.033,24.494],[93.049,24.542],[93.088,24.572],[93.071,24.6],[93.084,24.613],[93.083,24.649],[93.096,24.664],[93.079,24.705],[93.107,24.74],[93.098,24.754],[93.105,24.792],[93.134,24.81],[93.154,24.789],[93.192,24.804],[93.195,24.844],[93.22,24.869],[93.249,24.916],[93.262,24.963],[93.249,24.973],[93.242,25.004],[93.266,25.044],[93.299,25.049],[93.315,25.085],[93.332,25.094],[93.347,25.138],[93.354,25.187],[93.386,25.243],[93.428,25.283],[93.471,25.305],[93.453,25.322],[93.452,25.354],[93.473,25.386],[93.455,25.434],[93.416,25.445],[93.384,25.469],[93.353,25.528],[93.33,25.543],[93.364,25.561],[93.425,25.63],[93.481,25.644],[93.54,25.703],[93.543,25.719],[93.584,25.764],[93.618,25.776],[93.639,25.816],[93.714,25.845],[93.702,25.852],[93.682,25.904],[93.735,25.924],[93.777,25.968],[93.795,25.907],[93.784,25.88],[93.778,25.849],[93.79,25.811],[93.816,25.823],[93.845,25.858],[93.889,25.856],[93.916,25.884],[93.979,25.917],[93.958,25.99],[93.962,26.037],[93.985,26.065],[93.997,26.106],[94.001,26.172],[94.032,26.197],[94.047,26.249],[94.075,26.264],[94.075,26.284],[94.115,26.328],[94.161,26.348],[94.178,26.382],[94.172,26.416],[94.185,26.458],[94.237,26.506],[94.256,26.541],[94.281,26.549],[94.283,26.505],[94.293,26.471],[94.316,26.458],[94.325,26.482],[94.406,26.549],[94.414,26.578],[94.404,26.612],[94.45,26.636],[94.46,26.661],[94.493,26.666],[94.539,26.706],[94.59,26.697],[94.592,26.725],[94.625,26.715],[94.694,26.733],[94.737,26.765],[94.758,26.766],[94.789,26.796],[94.814,26.82],[94.817,26.848],[94.843,26.869],[94.866,26.909],[94.924,26.946],[94.955,26.94],[94.982,26.913],[95.081,26.95],[95.108,26.977],[95.144,26.996],[95.195,27.033],[95.244,27.026],[95.317,27.083],[95.368,27.107],[95.375,27.093],[95.421,27.126],[95.453,27.129],[95.466,27.167],[95.456,27.203],[95.485,27.241],[95.525,27.264],[95.575,27.243],[95.588,27.223],[95.626,27.232],[95.692,27.253],[95.72,27.249],[95.742,27.267],[95.808,27.275],[95.852,27.287],[95.869,27.26],[95.892,27.255],[95.907,27.289],[95.958,27.31],[95.987,27.346],[96.012,27.359],[95.998,27.394],[95.974,27.422],[95.926,27.44],[95.904,27.429],[95.876,27.435],[95.87,27.467],[95.875,27.547],[95.834,27.559],[95.793,27.598],[95.79,27.646],[95.774,27.652],[95.768,27.705],[95.774,27.731],[95.775,27.754],[95.801,27.776],[95.837,27.824],[95.871,27.833],[95.904,27.863],[95.92,27.896],[95.944,27.912],[95.947,27.938],[95.971,27.962],[95.824,27.971],[95.605,27.955],[95.542,27.908],[95.52,27.881],[95.515,27.88],[95.379,27.839],[95.309,27.868],[95.136,27.816],[94.852,27.727],[94.848,27.706],[94.82,27.692],[94.797,27.696],[94.76,27.663],[94.683,27.659],[94.636,27.625],[94.586,27.618],[94.495,27.574],[94.451,27.572],[94.418,27.598],[94.37,27.575],[94.308,27.591],[94.276,27.591],[94.256,27.611],[94.251,27.638],[94.21,27.608],[94.247,27.569],[94.268,27.521],[94.157,27.475],[94.141,27.447],[94.089,27.407],[94.069,27.374],[94.04,27.352],[93.984,27.323],[93.898,27.236],[93.869,27.202],[93.806,27.152],[93.83,27.11],[93.837,27.074],[93.722,27.021],[93.698,26.994],[93.657,26.966],[93.587,26.95],[93.525,26.949],[93.489,26.936],[93.449,26.951],[93.391,26.958],[93.324,26.96],[93.262,26.954],[93.107,26.926],[93.088,26.914],[93.063,26.922],[93.021,26.914],[92.983,26.936],[92.917,26.963],[92.918,26.982],[92.887,27],[92.769,27.033],[92.713,27.027],[92.66,27.039],[92.647,27.016],[92.645,26.987],[92.583,26.96],[92.503,26.963],[92.447,26.959],[92.398,26.925],[92.365,26.932],[92.303,26.923],[92.276,26.902],[92.255,26.91],[92.195,26.89],[92.114,26.894]]]},"properties":{"state":"Assam"}},
{"type":"Feature","geometry":{"type":"Polygon","coordinates":[[[87.037,26.562],[87.015,26.532],[86.975,26.52],[86.932,26.517],[86.93,26.49],[86.895,26.488],[86.893,26.461],[86.86,26.456],[86.834,26.439],[86.766,26.459],[86.737,26.424],[86.725,26.427],[86.691,26.451],[86.639,26.463],[86.626,26.48],[86.572,26.496],[86.542,26.539],[86.499,26.542],[86.456,26.568],[86.396,26.585],[86.308,26.62],[86.251,26.614],[86.234,26.594],[86.197,26.598],[86.172,26.617],[86.136,26.606],[86.12,26.63],[86.03,26.666],[85.955,26.647],[85.946,26.622],[85.914,26.609],[85.887,26.583],[85.858,26.569],[85.851,26.609],[85.817,26.603],[85.802,26.624],[85.749,26.639],[85.726,26.671],[85.725,26.71],[85.734,26.796],[85.721,26.82],[85.681,26.843],[85.642,26.853],[85.624,26.874],[85.607,26.858],[85.543,26.838],[85.495,26.797],[85.452,26.781],[85.408,26.791],[85.371,26.758],[85.335,26.742],[85.307,26.752],[85.254,26.758],[85.213,26.758],[85.197,26.771],[85.177,26.815],[85.191,26.831],[85.193,26.866],[85.1,26.871],[85.058,26.849],[85.005,26.895],[84.971,26.917],[84.978,26.941],[84.963,26.961],[84.909,26.968],[84.864,26.984],[84.854,27.008],[84.816,27.02],[84.794,26.996],[84.758,27.004],[84.643,27.046],[84.643,27.065],[84.675,27.101],[84.684,27.144],[84.677,27.163],[84.686,27.229],[84.622,27.337],[84.512,27.353],[84.44,27.37],[84.347,27.375],[84.283,27.397],[84.254,27.454],[84.231,27.456],[84.149,27.487],[84.151,27.517],[84.098,27.517],[84.095,27.489],[84.069,27.481],[84.061,27.453],[84.024,27.433],[83.995,27.446],[83.871,27.436],[83.856,27.446],[83.833,27.425],[83.883,27.377],[83.864,27.347],[83.852,27.318],[83.871,27.307],[83.904,27.327],[83.925,27.321],[83.93,27.293],[83.907,27.276],[83.912,27.246],[83.956,27.235],[83.987,27.198],[83.979,27.165],[83.947,27.112],[83.965,27.084],[84.016,27.105],[84.029,27.087],[84.006,27.06],[84.049,27.035],[84.056,26.99],[84.044,26.931],[84.052,26.906],[84.08,26.878],[84.13,26.893],[84.141,26.853],[84.182,26.834],[84.19,26.858],[84.219,26.871],[84.254,26.857],[84.26,26.807],[84.233,26.754],[84.256,26.727],[84.286,26.75],[84.306,26.749],[84.326,26.714],[84.33,26.684],[84.41,26.67],[84.414,26.636],[84.379,26.615],[84.354,26.62],[84.285,26.6],[84.159,26.636],[84.088,26.636],[84.09,26.607],[84.055,26.551],[84.048,26.536],[84.007,26.525],[83.981,26.532],[83.969,26.507],[83.94,26.525],[83.916,26.517],[83.911,26.45],[83.991,26.432],[84.017,26.448],[84.034,26.412],[84.068,26.388],[84.122,26.385],[84.177,26.37],[84.173,26.331],[84.185,26.315],[84.177,26.266],[84.12,26.258],[84.117,26.24],[84.06,26.224],[84.01,26.174],[84.027,26.142],[84.051,26.127],[84.056,26.1],[84.089,26.1],[84.121,26.077],[84.137,26.052],[84.172,26.025],[84.176,25.997],[84.207,25.999],[84.312,25.944],[84.354,25.959],[84.412,25.931],[84.428,25.891],[84.455,25.889],[84.489,25.888],[84.511,25.872],[84.534,25.876],[84.551,25.841],[84.624,25.793],[84.6,25.738],[84.56,25.737],[84.562,25.686],[84.535,25.691],[84.52,25.675],[84.462,25.709],[84.431,25.711],[84.407,25.698],[84.384,25.733],[84.336,25.744],[84.328,25.732],[84.324,25.671],[84.295,25.661],[84.223,25.663],[84.206,25.669],[84.199,25.702],[84.154,25.727],[84.105,25.721],[84.075,25.696],[84.081,25.636],[84.017,25.614],[83.956,25.57],[83.93,25.557],[83.878,25.503],[83.857,25.469],[83.812,25.449],[83.826,25.436],[83.808,25.409],[83.783,25.397],[83.758,25.39],[83.702,25.396],[83.66,25.364],[83.63,25.33],[83.586,25.316],[83.54,25.316],[83.517,25.285],[83.485,25.279],[83.406,25.238],[83.384,25.203],[83.354,25.189],[83.363,25.153],[83.363,25.111],[83.341,25.082],[83.343,25.051],[83.32,25.017],[83.35,25.009],[83.343,24.965],[83.36,24.956],[83.368,24.877],[83.402,24.813],[83.393,24.782],[83.428,24.768],[83.458,24.733],[83.489,24.736],[83.485,24.702],[83.52,24.678],[83.502,24.649],[83.544,24.628],[83.523,24.599],[83.53,24.582],[83.522,24.547],[83.503,24.525],[83.553,24.523],[83.597,24.512],[83.681,24.513],[83.725,24.504],[83.799,24.529],[83.875,24.532],[83.934,24.548],[83.976,24.592],[84.008,24.643],[84.034,24.63],[84.089,24.524],[84.091,24.497],[84.111,24.477],[84.141,24.501],[84.184,24.515],[84.187,24.553],[84.219,24.534],[84.236,24.549],[84.257,24.527],[84.271,24.56],[84.298,24.559],[84.327,24.487],[84.304,24.481],[84.297,24.449],[84.337,24.429],[84.342,24.394],[84.387,24.385],[84.404,24.363],[84.428,24.356],[84.425,24.33],[84.466,24.332],[84.47,24.315],[84.486,24.302],[84.493,24.286],[84.502,24.288],[84.534,24.36],[84.559,24.376],[84.568,24.409],[84.615,24.399],[84.632,24.405],[84.665,24.391],[84.685,24.454],[84.727,24.469],[84.748,24.496],[84.79,24.508],[84.802,24.531],[84.839,24.512],[84.833,24.47],[84.886,24.459],[84.883,24.424],[84.909,24.384],[84.955,24.371],[85.032,24.415],[85.083,24.4],[85.09,24.373],[85.122,24.402],[85.174,24.425],[85.161,24.461],[85.224,24.465],[85.249,24.491],[85.285,24.494],[85.281,24.52],[85.354,24.524],[85.392,24.53],[85.371,24.555],[85.432,24.532],[85.492,24.548],[85.524,24.521],[85.545,24.548],[85.572,24.562],[85.581,24.601],[85.615,24.581],[85.652,24.575],[85.678,24.592],[85.676,24.618],[85.649,24.685],[85.683,24.693],[85.708,24.726],[85.705,24.767],[85.736,24.821],[85.775,24.798],[85.81,24.794],[85.82,24.808],[85.867,24.804],[85.889,24.792],[85.904,24.766],[85.938,24.735],[85.969,24.733],[85.98,24.749],[86.055,24.78],[86.066,24.752],[86.105,24.737],[86.132,24.678],[86.115,24.644],[86.122,24.616],[86.163,24.586],[86.194,24.586],[86.235,24.603],[86.265,24.584],[86.32,24.586],[86.303,24.559],[86.309,24.51],[86.276,24.466],[86.317,24.442],[86.35,24.447],[86.359,24.429],[86.397,24.403],[86.414,24.38],[86.455,24.372],[86.472,24.393],[86.469,24.426],[86.491,24.428],[86.488,24.462],[86.511,24.524],[86.58,24.567],[86.609,24.608],[86.623,24.59],[86.67,24.565],[86.75,24.598],[86.754,24.621],[86.789,24.619],[86.812,24.583],[86.877,24.568],[86.915,24.543],[86.907,24.588],[86.932,24.629],[86.978,24.64],[86.996,24.62],[87.049,24.621],[87.054,24.67],[87.08,24.726],[87.073,24.809],[87.1,24.848],[87.147,24.871],[87.142,24.914],[87.151,24.987],[87.146,25.019],[87.175,25.057],[87.214,25.091],[87.237,25.086],[87.25,25.106],[87.295,25.089],[87.314,25.16],[87.318,25.195],[87.334,25.216],[87.371,25.207],[87.391,25.228],[87.463,25.195],[87.478,25.194],[87.476,25.237],[87.495,25.271],[87.488,25.286],[87.543,25.294],[87.552,25.332],[87.575,25.341],[87.604,25.315],[87.63,25.32],[87.655,25.308],[87.692,25.312],[87.693,25.285],[87.713,25.258],[87.742,25.259],[87.776,25.253],[87.781,25.252],[87.776,25.257],[87.79,25.251],[87.827,25.235],[87.855,25.255],[87.855,25.297],[87.797,25.325],[87.792,25.374],[87.766,25.385],[87.787,25.45],[87.823,25.437],[87.839,25.468],[87.868,25.494],[87.904,25.509],[87.917,25.531],[87.964,25.539],[87.995,25.5],[88.01,25.503],[88.073,25.484],[88.071,25.517],[88.037,25.538],[88.026,25.586],[88.046,25.635],[88.049,25.697],[87.966,25.726],[87.942,25.769],[87.906,25.785],[87.891,25.835],[87.892,25.866],[87.83,25.87],[87.822,25.882],[87.808,25.912],[87.82,25.934],[87.833,25.928],[87.845,25.993],[87.849,25.995],[87.854,26.032],[87.857,26.036],[87.906,26.072],[87.953,26.075],[87.986,26.106],[87.979,26.138],[88.02,26.16],[88.037,26.179],[88.072,26.174],[88.116,26.225],[88.139,26.227],[88.144,26.252],[88.174,26.256],[88.185,26.274],[88.224,26.288],[88.258,26.336],[88.282,26.358],[88.268,26.381],[88.247,26.374],[88.227,26.389],[88.264,26.428],[88.239,26.452],[88.18,26.488],[88.18,26.5],[88.23,26.535],[88.226,26.556],[88.179,26.548],[88.13,26.516],[88.103,26.54],[88.094,26.516],[88.106,26.477],[88.096,26.44],[88.078,26.419],[88.032,26.388],[88.007,26.361],[87.992,26.393],[87.966,26.397],[87.932,26.418],[87.9,26.477],[87.858,26.464],[87.849,26.436],[87.794,26.469],[87.776,26.425],[87.734,26.408],[87.711,26.427],[87.678,26.416],[87.652,26.393],[87.593,26.392],[87.553,26.406],[87.517,26.431],[87.467,26.44],[87.428,26.422],[87.389,26.419],[87.356,26.388],[87.358,26.361],[87.341,26.348],[87.313,26.372],[87.266,26.374],[87.266,26.406],[87.211,26.413],[87.163,26.404],[87.092,26.45],[87.072,26.586],[87.045,26.587],[87.037,26.562]]]},"properties":{"state":"Bihar"}},
{"type":"Feature","geometry":{"type":"Polygon","coordinates":[[[81.392,17.815],[81.403,17.85],[81.394,17.868],[81.407,17.896],[81.448,17.889],[81.449,17.932],[81.482,17.976],[81.48,18.051],[81.514,18.104],[81.513,18.136],[81.526,18.16],[81.507,18.186],[81.53,18.24],[81.532,18.266],[81.562,18.274],[81.601,18.31],[81.662,18.325],[81.659,18.347],[81.75,18.353],[81.769,18.417],[81.856,18.491],[81.868,18.525],[81.906,18.561],[81.95,18.57],[81.963,18.595],[81.894,18.643],[81.901,18.661],[81.902,18.661],[81.922,18.643],[81.949,18.644],[81.969,18.673],[81.968,18.696],[82.017,18.719],[82.085,18.719],[82.091,18.738],[82.089,18.76],[82.156,18.785],[82.169,18.836],[82.162,18.855],[82.175,18.901],[82.217,18.922],[82.246,18.919],[82.23,19.027],[82.202,19.067],[82.219,19.095],[82.209,19.121],[82.168,19.136],[82.186,19.166],[82.162,19.202],[82.158,19.265],[82.186,19.337],[82.149,19.353],[82.153,19.377],[82.179,19.38],[82.189,19.415],[82.178,19.437],[82.127,19.431],[82.103,19.466],[82.1,19.517],[82.029,19.508],[82.051,19.549],[82.04,19.598],[82.059,19.628],[82.045,19.701],[82.05,19.742],[82.063,19.758],[82.06,19.796],[81.986,19.801],[81.965,19.837],[81.968,19.86],[81.87,19.903],[81.852,19.923],[81.865,20.027],[81.876,20.052],[81.897,20.05],[81.926,20.092],[81.946,20.105],[82.018,20.049],[82.022,20.024],[82.07,20.057],[82.128,20.014],[82.172,20.005],[82.188,19.986],[82.237,20.003],[82.269,19.975],[82.304,19.889],[82.344,19.835],[82.418,19.904],[82.485,19.908],[82.505,19.891],[82.604,19.866],[82.576,19.833],[82.595,19.775],[82.624,19.792],[82.652,19.832],[82.704,19.832],[82.72,19.857],[82.707,19.902],[82.72,19.948],[82.715,19.996],[82.633,20.005],[82.59,19.994],[82.55,20.018],[82.494,20.024],[82.4,20.056],[82.398,20.124],[82.39,20.164],[82.411,20.181],[82.422,20.221],[82.411,20.26],[82.435,20.285],[82.432,20.313],[82.4,20.339],[82.438,20.434],[82.391,20.491],[82.39,20.518],[82.357,20.53],[82.336,20.555],[82.344,20.596],[82.376,20.632],[82.374,20.667],[82.35,20.706],[82.354,20.736],[82.342,20.768],[82.34,20.847],[82.346,20.873],[82.405,20.87],[82.42,20.831],[82.464,20.829],[82.49,20.877],[82.49,20.91],[82.559,20.948],[82.573,20.974],[82.63,21.041],[82.612,21.075],[82.636,21.091],[82.653,21.129],[82.637,21.145],[82.693,21.166],[82.756,21.166],[82.789,21.143],[82.8,21.156],[82.841,21.168],[82.882,21.149],[82.901,21.167],[82.932,21.163],[82.965,21.193],[83.012,21.145],[83.078,21.112],[83.139,21.11],[83.167,21.139],[83.198,21.145],[83.199,21.164],[83.222,21.232],[83.223,21.266],[83.246,21.281],[83.268,21.277],[83.259,21.337],[83.269,21.379],[83.39,21.343],[83.399,21.405],[83.354,21.448],[83.347,21.49],[83.365,21.576],[83.382,21.619],[83.442,21.655],[83.444,21.624],[83.466,21.61],[83.487,21.644],[83.445,21.659],[83.419,21.681],[83.452,21.695],[83.487,21.749],[83.472,21.788],[83.494,21.813],[83.54,21.799],[83.54,21.837],[83.579,21.832],[83.591,21.851],[83.574,21.875],[83.59,21.93],[83.562,21.948],[83.537,21.978],[83.556,22.008],[83.54,22.022],[83.55,22.054],[83.59,22.055],[83.596,22.072],[83.563,22.103],[83.608,22.154],[83.628,22.204],[83.666,22.233],[83.706,22.247],[83.758,22.24],[83.779,22.274],[83.802,22.29],[83.825,22.292],[83.831,22.323],[83.866,22.343],[83.899,22.338],[83.907,22.352],[84.004,22.374],[84.031,22.427],[84.047,22.438],[84.041,22.473],[83.981,22.502],[83.981,22.522],[84.01,22.526],[84.01,22.573],[84.05,22.596],[84.084,22.638],[84.151,22.636],[84.218,22.666],[84.238,22.692],[84.23,22.738],[84.261,22.767],[84.292,22.774],[84.314,22.8],[84.335,22.862],[84.359,22.861],[84.381,22.877],[84.378,22.91],[84.395,22.923],[84.38,22.97],[84.328,22.982],[84.281,22.964],[84.219,22.979],[84.18,23.023],[84.178,22.98],[84.147,22.99],[84.126,23.036],[84.133,23.083],[84.093,23.113],[84.072,23.109],[84.04,23.137],[84.038,23.171],[84.063,23.206],[84.054,23.244],[84.074,23.334],[84.05,23.375],[84.027,23.378],[84.012,23.355],[83.981,23.365],[83.967,23.388],[83.985,23.434],[83.974,23.452],[84.015,23.504],[84.028,23.546],[84.03,23.6],[84.016,23.634],[83.932,23.62],[83.94,23.57],[83.817,23.595],[83.777,23.608],[83.752,23.639],[83.759,23.654],[83.724,23.684],[83.746,23.719],[83.738,23.76],[83.708,23.817],[83.674,23.827],[83.667,23.844],[83.592,23.863],[83.579,23.892],[83.558,23.893],[83.549,23.934],[83.515,23.981],[83.524,24.012],[83.508,24.031],[83.453,24.042],[83.432,24.086],[83.407,24.08],[83.388,24.1],[83.329,24.101],[83.282,24.05],[83.279,24.018],[83.243,24.012],[83.208,23.921],[83.154,23.904],[83.141,23.885],[83.075,23.87],[83.054,23.879],[82.954,23.871],[82.867,23.925],[82.828,23.962],[82.813,23.96],[82.752,23.92],[82.693,23.919],[82.662,23.908],[82.668,23.872],[82.631,23.839],[82.591,23.822],[82.554,23.826],[82.525,23.784],[82.497,23.785],[82.471,23.811],[82.393,23.8],[82.305,23.807],[82.262,23.821],[82.238,23.806],[82.208,23.826],[82.212,23.852],[82.178,23.821],[82.054,23.818],[82.044,23.842],[82.009,23.861],[81.956,23.853],[81.921,23.871],[81.905,23.845],[81.823,23.808],[81.772,23.817],[81.725,23.845],[81.732,23.857],[81.69,23.885],[81.688,23.906],[81.659,23.918],[81.61,23.904],[81.604,23.885],[81.603,23.854],[81.634,23.836],[81.651,23.799],[81.644,23.773],[81.676,23.757],[81.696,23.721],[81.684,23.691],[81.657,23.683],[81.655,23.663],[81.62,23.651],[81.611,23.602],[81.577,23.585],[81.584,23.554],[81.61,23.556],[81.612,23.511],[81.637,23.49],[81.653,23.498],[81.668,23.533],[81.699,23.522],[81.736,23.566],[81.758,23.55],[81.81,23.549],[81.821,23.515],[81.881,23.515],[81.923,23.533],[81.948,23.501],[81.954,23.472],[81.976,23.452],[81.985,23.416],[82.032,23.411],[82.021,23.389],[82.057,23.377],[82.102,23.398],[82.119,23.354],[82.146,23.361],[82.168,23.333],[82.199,23.312],[82.193,23.277],[82.174,23.269],[82.153,23.23],[82.144,23.195],[82.141,23.133],[82.122,23.104],[82.073,23.118],[82.036,23.081],[81.969,23.081],[81.93,23.062],[81.922,23.041],[81.95,22.983],[81.946,22.957],[81.919,22.947],[81.862,22.889],[81.776,22.874],[81.767,22.834],[81.794,22.766],[81.755,22.734],[81.773,22.669],[81.76,22.65],[81.728,22.675],[81.726,22.674],[81.713,22.648],[81.683,22.647],[81.646,22.593],[81.66,22.57],[81.624,22.556],[81.605,22.535],[81.567,22.55],[81.496,22.519],[81.478,22.492],[81.428,22.48],[81.423,22.448],[81.396,22.44],[81.382,22.51],[81.338,22.52],[81.317,22.515],[81.307,22.482],[81.281,22.503],[81.262,22.472],[81.232,22.452],[81.208,22.457],[81.196,22.491],[81.172,22.487],[81.156,22.456],[81.11,22.436],[81.106,22.387],[81.121,22.341],[81.118,22.29],[81.09,22.247],[81.045,22.24],[81.023,22.229],[81.029,22.192],[81.022,22.133],[80.981,22.124],[81.011,22.095],[80.995,22.051],[80.969,22.059],[80.971,22.084],[80.95,22.117],[80.908,22.11],[80.897,22.064],[80.876,22.039],[80.876,22.011],[80.834,21.907],[80.843,21.882],[80.845,21.832],[80.839,21.8],[80.803,21.744],[80.756,21.762],[80.734,21.729],[80.735,21.704],[80.719,21.646],[80.732,21.626],[80.717,21.602],[80.741,21.539],[80.731,21.52],[80.735,21.461],[80.707,21.433],[80.707,21.416],[80.671,21.338],[80.66,21.334],[80.68,21.299],[80.651,21.278],[80.643,21.25],[80.617,21.23],[80.553,21.201],[80.53,21.205],[80.515,21.183],[80.464,21.175],[80.445,21.121],[80.45,21.031],[80.426,21.006],[80.464,20.929],[80.534,20.935],[80.556,20.89],[80.561,20.831],[80.562,20.823],[80.549,20.795],[80.563,20.747],[80.565,20.711],[80.58,20.673],[80.521,20.657],[80.496,20.637],[80.504,20.583],[80.522,20.58],[80.565,20.604],[80.601,20.609],[80.625,20.578],[80.613,20.463],[80.614,20.436],[80.591,20.393],[80.611,20.375],[80.626,20.333],[80.611,20.318],[80.546,20.306],[80.517,20.266],[80.467,20.276],[80.395,20.237],[80.421,20.197],[80.389,20.165],[80.43,20.136],[80.46,20.151],[80.506,20.144],[80.552,20.118],[80.544,20.096],[80.557,20.07],[80.543,20.011],[80.549,19.984],[80.524,19.934],[80.481,19.934],[80.452,19.957],[80.411,19.938],[80.408,19.913],[80.45,19.896],[80.49,19.902],[80.506,19.871],[80.486,19.864],[80.469,19.828],[80.432,19.807],[80.449,19.79],[80.479,19.783],[80.481,19.828],[80.52,19.832],[80.545,19.819],[80.542,19.783],[80.587,19.741],[80.64,19.725],[80.671,19.702],[80.674,19.684],[80.663,19.622],[80.67,19.609],[80.719,19.615],[80.769,19.587],[80.775,19.563],[80.816,19.571],[80.836,19.566],[80.857,19.523],[80.895,19.52],[80.898,19.48],[80.875,19.446],[80.842,19.447],[80.796,19.43],[80.817,19.384],[80.847,19.356],[80.774,19.314],[80.756,19.29],[80.709,19.282],[80.69,19.287],[80.683,19.329],[80.623,19.306],[80.59,19.352],[80.578,19.401],[80.538,19.378],[80.52,19.348],[80.486,19.341],[80.438,19.258],[80.394,19.245],[80.384,19.215],[80.389,19.182],[80.348,19.16],[80.327,19.136],[80.34,19.1],[80.329,19.07],[80.297,19.048],[80.305,19.027],[80.274,18.994],[80.274,18.932],[80.3,18.911],[80.349,18.848],[80.354,18.826],[80.289,18.774],[80.246,18.755],[80.272,18.724],[80.306,18.682],[80.319,18.642],[80.345,18.597],[80.396,18.605],[80.458,18.629],[80.487,18.631],[80.515,18.619],[80.535,18.59],[80.608,18.546],[80.656,18.475],[80.702,18.445],[80.696,18.424],[80.72,18.391],[80.748,18.33],[80.749,18.308],[80.793,18.249],[80.737,18.222],[80.737,18.177],[80.756,18.168],[80.799,18.168],[80.824,18.191],[80.824,18.236],[80.866,18.23],[80.872,18.205],[80.859,18.186],[80.867,18.137],[80.9,18.137],[80.952,18.164],[80.979,18.165],[80.956,18.13],[80.953,18.079],[80.97,18.044],[80.989,17.941],[80.998,17.917],[80.996,17.849],[81.009,17.797],[81.047,17.782],[81.086,17.798],[81.166,17.858],[81.2,17.846],[81.267,17.809],[81.392,17.815]]]},"properties":{"state":"Chhattisgarh"}},
{"type":"Feature","geometry":{"type":"Polygon","coordinates":[[[77.303,28.584],[77.342,28.61],[77.316,28.641],[77.326,28.71],[77.297,28.705],[77.291,28.722],[77.236,28.761],[77.216,28.785],[77.208,28.788],[77.223,28.833],[77.21,28.858],[77.173,28.857],[77.11,28.87],[77.062,28.871],[77.04,28.832],[76.995,28.84],[76.962,28.815],[76.942,28.799],[76.954,28.791],[76.958,28.743],[76.948,28.714],[76.968,28.7],[76.954,28.668],[76.935,28.668],[76.921,28.631],[76.888,28.632],[76.863,28.585],[76.84,28.583],[76.842,28.556],[76.887,28.521],[76.885,28.501],[76.908,28.514],[76.952,28.504],[77.015,28.54],[77.067,28.512],[77.099,28.511],[77.119,28.488],[77.124,28.445],[77.166,28.426],[77.174,28.405],[77.229,28.414],[77.253,28.433],[77.236,28.471],[77.248,28.481],[77.29,28.497],[77.314,28.484],[77.345,28.513],[77.304,28.552],[77.298,28.571],[77.303,28.584]]]},"properties":{"state":"Delhi"}},
{"type":"Feature","geometry":{"type":"Polygon","coordinates":[[[73.739,15.734],[73.732,15.72],[73.689,15.718],[73.715,15.648],[73.733,15.615],[73.768,15.499],[73.79,15.464],[73.786,15.438],[73.783,15.41],[73.808,15.377],[73.842,15.358],[73.879,15.362],[73.902,15.31],[73.95,15.143],[73.927,15.108],[73.932,15.082],[73.981,15.053],[73.998,15.02],[74.026,15.006],[74.05,14.957],[74.045,14.916],[74.086,14.901],[74.154,14.94],[74.175,14.959],[74.204,14.928],[74.214,14.948],[74.252,14.96],[74.252,14.993],[74.296,15.044],[74.278,15.091],[74.285,15.149],[74.317,15.187],[74.302,15.224],[74.26,15.241],[74.271,15.278],[74.326,15.284],[74.321,15.369],[74.283,15.383],[74.269,15.419],[74.275,15.449],[74.251,15.492],[74.278,15.522],[74.277,15.547],[74.249,15.568],[74.264,15.616],[74.244,15.626],[74.252,15.654],[74.224,15.669],[74.203,15.663],[74.167,15.672],[74.164,15.653],[74.118,15.652],[74.07,15.629],[74.031,15.623],[74.021,15.606],[73.993,15.611],[73.962,15.642],[73.964,15.692],[73.934,15.745],[73.876,15.751],[73.874,15.777],[73.856,15.801],[73.83,15.764],[73.827,15.744],[73.784,15.726],[73.739,15.734]]]},"properties":{"state":"Goa"}},
{"type":"Feature","geometry":{"type":"MultiPolygon","coordinates":[[[[72.962,20.21],[72.974,20.16],[72.962,20.137],[72.97,20.116],[73,20.123],[73.038,20.068],[73.055,20.1],[73.126,20.084],[73.18,20.049],[73.21,20.085],[73.208,20.12],[73.189,20.128],[73.185,20.156],[73.206,20.164],[73.199,20.194],[73.133,20.206],[73.142,20.177],[73.107,20.158],[73.063,20.17],[73.053,20.205],[73.114,20.258],[73.165,20.284],[73.151,20.318],[73.1,20.305],[73.111,20.338],[73.096,20.361],[73.077,20.323],[73.039,20.321],[73.035,20.292],[72.983,20.289],[72.962,20.271],[72.942,20.293],[72.912,20.27],[72.931,20.244],[72.958,20.235],[72.962,20.21]]],[[[72.824,20.367],[72.846,20.375],[72.891,20.373],[72.883,20.398],[72.857,20.419],[72.888,20.461],[72.858,20.466],[72.844,20.467],[72.82,20.434],[72.813,20.39],[72.824,20.367]]],[[[71.005,20.739],[70.975,20.728],[70.919,20.743],[70.878,20.729],[70.874,20.706],[70.92,20.711],[70.98,20.706],[71.005,20.739]]]]},"properties":{"state":"Dadra and Nagar Haveli and Daman and Diu"}},
{"type":"Feature","geometry":{"type":"MultiPolygon","coordinates":[[[[73.208,20.12],[73.249,20.123],[73.278,20.149],[73.287,20.198],[73.302,20.21],[73.354,20.2],[73.386,20.209],[73.421,20.206],[73.411,20.238],[73.427,20.278],[73.415,20.318],[73.406,20.383],[73.38,20.394],[73.421,20.428],[73.445,20.475],[73.468,20.496],[73.474,20.583],[73.43,20.595],[73.407,20.624],[73.392,20.649],[73.43,20.664],[73.444,20.681],[73.45,20.718],[73.467,20.722],[73.49,20.686],[73.489,20.656],[73.533,20.673],[73.615,20.624],[73.627,20.585],[73.661,20.562],[73.715,20.576],[73.762,20.575],[73.775,20.6],[73.8,20.601],[73.837,20.621],[73.831,20.675],[73.812,20.692],[73.863,20.703],[73.875,20.73],[73.918,20.725],[73.943,20.742],[73.932,20.761],[73.932,20.809],[73.94,20.839],[73.924,20.851],[73.918,20.908],[73.888,20.934],[73.901,20.982],[73.851,20.998],[73.839,21.008],[73.819,21.022],[73.796,21.045],[73.794,21.071],[73.764,21.069],[73.737,21.08],[73.733,21.098],[73.705,21.108],[73.652,21.108],[73.618,21.118],[73.599,21.157],[73.643,21.14],[73.73,21.165],[73.772,21.165],[73.785,21.184],[73.816,21.174],[73.826,21.2],[73.812,21.231],[73.823,21.265],[73.849,21.275],[73.88,21.266],[73.943,21.3],[73.952,21.395],[74.008,21.423],[74.045,21.419],[74.061,21.462],[74.095,21.456],[74.182,21.469],[74.214,21.482],[74.256,21.477],[74.321,21.498],[74.331,21.552],[74.277,21.56],[74.263,21.54],[74.208,21.537],[74.184,21.543],[74.176,21.569],[74.138,21.55],[74.11,21.556],[74.082,21.549],[74.02,21.55],[73.982,21.523],[73.929,21.524],[73.854,21.497],[73.835,21.52],[73.812,21.603],[73.788,21.634],[73.822,21.643],[73.839,21.633],[73.885,21.654],[73.895,21.676],[73.881,21.716],[73.868,21.718],[73.825,21.76],[73.834,21.772],[73.807,21.836],[73.874,21.843],[73.941,21.871],[74.048,21.925],[74.147,21.953],[74.15,21.987],[74.1,22],[74.136,22.053],[74.16,22.059],[74.17,22.092],[74.153,22.106],[74.128,22.095],[74.13,22.149],[74.117,22.207],[74.106,22.22],[74.072,22.219],[74.074,22.266],[74.054,22.304],[74.072,22.336],[74.068,22.36],[74.112,22.367],[74.128,22.333],[74.19,22.32],[74.191,22.341],[74.224,22.38],[74.243,22.376],[74.271,22.413],[74.253,22.433],[74.184,22.442],[74.16,22.431],[74.147,22.454],[74.119,22.419],[74.086,22.47],[74.083,22.507],[74.038,22.514],[74.043,22.544],[74.061,22.55],[74.095,22.54],[74.113,22.539],[74.134,22.52],[74.152,22.53],[74.21,22.564],[74.232,22.612],[74.263,22.643],[74.379,22.634],[74.395,22.686],[74.402,22.731],[74.436,22.783],[74.434,22.807],[74.465,22.816],[74.476,22.855],[74.464,22.898],[74.447,22.921],[74.418,22.917],[74.402,22.898],[74.378,22.907],[74.339,22.953],[74.364,22.982],[74.34,23.033],[74.319,23.059],[74.277,23.099],[74.267,23.158],[74.203,23.19],[74.185,23.157],[74.148,23.158],[74.121,23.176],[74.119,23.205],[74.134,23.223],[74.133,23.266],[74.101,23.294],[74.038,23.295],[74.025,23.321],[73.998,23.336],[73.981,23.34],[73.96,23.378],[73.938,23.368],[73.939,23.344],[73.89,23.336],[73.888,23.356],[73.819,23.438],[73.779,23.431],[73.767,23.453],[73.713,23.414],[73.691,23.458],[73.653,23.442],[73.627,23.449],[73.656,23.507],[73.633,23.529],[73.648,23.574],[73.642,23.628],[73.615,23.652],[73.569,23.653],[73.523,23.607],[73.506,23.639],[73.507,23.703],[73.474,23.705],[73.411,23.78],[73.372,23.77],[73.352,23.791],[73.367,23.815],[73.368,23.82],[73.354,23.852],[73.379,23.905],[73.42,23.925],[73.415,23.986],[73.386,24.065],[73.361,24.082],[73.349,24.107],[73.333,24.109],[73.326,24.077],[73.282,24.019],[73.243,24.002],[73.23,24.022],[73.193,24.041],[73.212,24.076],[73.184,24.09],[73.13,24.122],[73.067,24.195],[73.092,24.223],[73.104,24.255],[73.124,24.271],[73.135,24.308],[73.167,24.299],[73.182,24.343],[73.199,24.332],[73.219,24.364],[73.197,24.376],[73.153,24.354],[73.077,24.397],[73.101,24.427],[73.103,24.456],[73.096,24.49],[73.087,24.498],[73.044,24.469],[73.02,24.464],[73.001,24.484],[72.969,24.453],[72.979,24.432],[72.968,24.415],[72.955,24.403],[72.954,24.392],[72.959,24.361],[72.911,24.337],[72.891,24.357],[72.85,24.372],[72.804,24.363],[72.733,24.364],[72.689,24.412],[72.681,24.465],[72.656,24.462],[72.576,24.479],[72.537,24.52],[72.493,24.459],[72.5,24.417],[72.457,24.415],[72.43,24.48],[72.444,24.509],[72.413,24.517],[72.38,24.513],[72.368,24.548],[72.331,24.569],[72.323,24.551],[72.29,24.551],[72.247,24.588],[72.264,24.604],[72.339,24.6],[72.335,24.633],[72.32,24.618],[72.296,24.625],[72.271,24.638],[72.234,24.641],[72.217,24.627],[72.165,24.621],[72.15,24.644],[72.125,24.639],[72.09,24.659],[72.085,24.707],[72.058,24.713],[72.013,24.691],[71.984,24.686],[71.978,24.657],[71.926,24.636],[71.907,24.678],[71.872,24.682],[71.858,24.667],[71.865,24.631],[71.852,24.609],[71.803,24.631],[71.81,24.656],[71.792,24.677],[71.736,24.66],[71.706,24.661],[71.655,24.639],[71.608,24.677],[71.573,24.683],[71.478,24.679],[71.423,24.648],[71.359,24.631],[71.348,24.661],[71.314,24.648],[71.288,24.616],[71.187,24.65],[71.112,24.676],[71.096,24.689],[71.075,24.662],[71.009,24.635],[70.986,24.595],[70.987,24.543],[71.005,24.523],[70.999,24.444],[71.038,24.432],[71.103,24.436],[71.12,24.402],[71.084,24.394],[71.049,24.356],[71.02,24.347],[70.987,24.365],[70.948,24.348],[70.914,24.32],[70.879,24.301],[70.876,24.28],[70.907,24.259],[70.851,24.244],[70.805,24.221],[70.714,24.216],[70.644,24.225],[70.571,24.252],[70.585,24.277],[70.582,24.304],[70.562,24.352],[70.58,24.363],[70.599,24.405],[70.573,24.422],[70.476,24.39],[70.412,24.376],[70.368,24.351],[70.326,24.352],[70.254,24.326],[70.212,24.32],[70.166,24.303],[70.11,24.295],[70.067,24.199],[70.025,24.171],[69.731,24.171],[69.595,24.292],[69.504,24.269],[69.446,24.28],[69.367,24.27],[69.313,24.282],[69.193,24.236],[69.095,24.274],[69.012,24.224],[68.985,24.228],[68.973,24.26],[68.945,24.302],[68.907,24.28],[68.875,24.212],[68.857,24.214],[68.831,24.312],[68.808,24.314],[68.765,24.296],[68.769,24.267],[68.764,24.139],[68.754,23.994],[68.75,23.972],[68.397,23.97],[68.369,23.985],[68.341,23.97],[68.329,23.922],[68.287,23.932],[68.251,23.896],[68.209,23.875],[68.198,23.836],[68.203,23.767],[68.182,23.722],[68.206,23.68],[68.179,23.614],[68.209,23.583],[68.278,23.56],[68.291,23.571],[68.387,23.595],[68.402,23.626],[68.403,23.658],[68.421,23.733],[68.465,23.742],[68.488,23.732],[68.527,23.746],[68.581,23.821],[68.603,23.83],[68.658,23.833],[68.688,23.846],[68.711,23.83],[68.649,23.789],[68.621,23.739],[68.562,23.683],[68.543,23.653],[68.511,23.639],[68.484,23.548],[68.535,23.434],[68.568,23.414],[68.624,23.366],[68.653,23.328],[68.681,23.312],[68.708,23.314],[68.715,23.264],[68.703,23.242],[68.654,23.231],[68.683,23.153],[68.711,23.152],[68.734,23.119],[68.772,23.116],[68.754,23.084],[68.84,23.044],[68.944,22.979],[69.02,22.942],[69.098,22.897],[69.131,22.872],[69.195,22.839],[69.269,22.825],[69.322,22.832],[69.345,22.822],[69.431,22.809],[69.469,22.798],[69.531,22.802],[69.58,22.816],[69.609,22.806],[69.634,22.812],[69.647,22.796],[69.712,22.806],[69.856,22.869],[69.899,22.871],[69.937,22.897],[69.97,22.9],[70.027,22.927],[70.028,22.941],[70.081,22.967],[70.134,23.002],[70.121,22.963],[70.164,22.938],[70.231,22.955],[70.219,23.063],[70.174,23.077],[70.213,23.14],[70.209,23.16],[70.268,23.178],[70.296,23.219],[70.342,23.22],[70.386,23.233],[70.429,23.236],[70.428,23.218],[70.476,23.2],[70.502,23.178],[70.579,23.178],[70.649,23.192],[70.656,23.221],[70.687,23.209],[70.746,23.222],[70.776,23.249],[70.821,23.233],[70.831,23.248],[70.871,23.23],[70.863,23.192],[70.84,23.145],[70.816,23.137],[70.789,23.151],[70.747,23.145],[70.694,23.12],[70.639,23.081],[70.629,23.062],[70.594,23.055],[70.548,23],[70.539,22.964],[70.512,22.96],[70.479,22.975],[70.456,22.95],[70.492,22.934],[70.54,22.925],[70.499,22.897],[70.478,22.86],[70.462,22.831],[70.413,22.818],[70.361,22.783],[70.323,22.749],[70.279,22.725],[70.268,22.705],[70.264,22.655],[70.231,22.631],[70.211,22.599],[70.179,22.568],[70.176,22.544],[70.149,22.512],[70.112,22.499],[70.079,22.515],[70.01,22.5],[69.988,22.509],[69.964,22.478],[69.937,22.463],[69.888,22.455],[69.874,22.43],[69.833,22.442],[69.809,22.401],[69.755,22.43],[69.731,22.485],[69.7,22.461],[69.701,22.396],[69.663,22.394],[69.656,22.36],[69.592,22.359],[69.543,22.377],[69.499,22.366],[69.49,22.338],[69.443,22.33],[69.423,22.316],[69.367,22.317],[69.352,22.327],[69.322,22.292],[69.292,22.275],[69.255,22.267],[69.236,22.25],[69.238,22.223],[69.179,22.213],[69.137,22.195],[69.154,22.249],[69.163,22.348],[69.176,22.378],[69.2,22.391],[69.181,22.421],[69.163,22.404],[69.103,22.399],[69.072,22.387],[69.035,22.391],[69.054,22.466],[69.006,22.44],[68.957,22.368],[68.956,22.339],[68.936,22.312],[68.956,22.242],[69.048,22.137],[69.192,21.983],[69.284,21.894],[69.354,21.838],[69.373,21.832],[69.4,21.797],[69.477,21.734],[69.566,21.652],[69.603,21.637],[69.666,21.571],[69.707,21.534],[69.815,21.417],[69.885,21.335],[69.982,21.228],[70.073,21.132],[70.16,21.055],[70.239,20.992],[70.257,20.973],[70.358,20.905],[70.396,20.892],[70.425,20.862],[70.49,20.828],[70.555,20.802],[70.586,20.782],[70.659,20.756],[70.75,20.718],[70.789,20.711],[70.822,20.692],[70.846,20.707],[70.874,20.706],[70.878,20.729],[70.919,20.743],[70.975,20.728],[71.005,20.739],[71.051,20.73],[71.073,20.735],[71.092,20.757],[71.146,20.759],[71.15,20.771],[71.204,20.795],[71.322,20.847],[71.371,20.854],[71.394,20.868],[71.44,20.87],[71.477,20.889],[71.527,20.951],[71.566,20.949],[71.624,20.968],[71.649,20.995],[71.677,21.002],[71.717,21.021],[71.738,21.018],[71.783,21.031],[71.798,21.055],[71.898,21.11],[71.972,21.123],[72.112,21.199],[72.084,21.246],[72.132,21.339],[72.176,21.393],[72.211,21.421],[72.235,21.456],[72.256,21.502],[72.269,21.571],[72.306,21.629],[72.29,21.681],[72.25,21.743],[72.237,21.78],[72.242,21.83],[72.217,21.867],[72.203,21.914],[72.212,21.962],[72.242,21.976],[72.269,21.971],[72.288,22.019],[72.302,22.035],[72.393,22.105],[72.43,22.138],[72.499,22.179],[72.531,22.216],[72.576,22.233],[72.624,22.234],[72.657,22.225],[72.695,22.201],[72.775,22.229],[72.849,22.275],[72.854,22.239],[72.823,22.209],[72.783,22.193],[72.783,22.158],[72.722,22.183],[72.705,22.183],[72.652,22.215],[72.606,22.213],[72.581,22.199],[72.548,22.145],[72.537,22.075],[72.549,21.991],[72.528,21.938],[72.543,21.912],[72.602,21.929],[72.641,21.957],[72.708,21.953],[72.71,21.979],[72.736,21.987],[72.747,21.962],[72.694,21.928],[72.698,21.889],[72.646,21.897],[72.623,21.877],[72.593,21.805],[72.605,21.756],[72.532,21.717],[72.534,21.671],[72.548,21.659],[72.612,21.684],[72.712,21.68],[72.737,21.691],[72.764,21.669],[72.818,21.658],[72.854,21.685],[72.881,21.686],[72.868,21.642],[72.842,21.656],[72.82,21.611],[72.785,21.587],[72.75,21.542],[72.702,21.525],[72.66,21.474],[72.605,21.441],[72.579,21.41],[72.613,21.4],[72.646,21.419],[72.66,21.443],[72.687,21.452],[72.651,21.419],[72.601,21.389],[72.6,21.29],[72.638,21.211],[72.619,21.115],[72.638,21.085],[72.665,21.108],[72.696,21.085],[72.733,21.078],[72.75,21.064],[72.726,21.047],[72.726,21.015],[72.744,20.959],[72.765,20.935],[72.809,20.947],[72.82,20.928],[72.781,20.918],[72.829,20.81],[72.82,20.794],[72.854,20.752],[72.849,20.737],[72.897,20.593],[72.886,20.542],[72.889,20.509],[72.858,20.466],[72.888,20.461],[72.857,20.419],[72.883,20.398],[72.891,20.373],[72.846,20.375],[72.824,20.367],[72.777,20.332],[72.774,20.302],[72.756,20.289],[72.742,20.241],[72.749,20.207],[72.742,20.135],[72.777,20.132],[72.811,20.152],[72.821,20.188],[72.871,20.228],[72.899,20.228],[72.962,20.21],[72.958,20.235],[72.931,20.244],[72.912,20.27],[72.942,20.293],[72.962,20.271],[72.983,20.289],[73.035,20.292],[73.039,20.321],[73.077,20.323],[73.096,20.361],[73.111,20.338],[73.1,20.305],[73.151,20.318],[73.165,20.284],[73.114,20.258],[73.053,20.205],[73.063,20.17],[73.107,20.158],[73.142,20.177],[73.133,20.206],[73.199,20.194],[73.206,20.164],[73.185,20.156],[73.189,20.128],[73.208,20.12]]],[[[72.769,21.657],[72.74,21.645],[72.669,21.644],[72.624,21.627],[72.611,21.602],[72.576,21.571],[72.581,21.529],[72.613,21.531],[72.659,21.557],[72.674,21.575],[72.728,21.586],[72.771,21.609],[72.82,21.624],[72.807,21.65],[72.769,21.657]]],[[[69.629,22.459],[69.59,22.431],[69.636,22.406],[69.657,22.427],[69.629,22.459]]]]},"properties":{"state":"Gujarat"}},
{"type":"Feature","geometry":{"type":"Polygon","coordinates":[[[77.21,28.858],[77.228,28.881],[77.234,28.911],[77.196,28.938],[77.203,28.985],[77.188,29.03],[77.168,29.033],[77.165,29.077],[77.134,29.095],[77.149,29.117],[77.136,29.142],[77.143,29.167],[77.133,29.222],[77.15,29.233],[77.139,29.266],[77.153,29.298],[77.16,29.337],[77.135,29.34],[77.123,29.37],[77.148,29.434],[77.123,29.455],[77.132,29.485],[77.096,29.519],[77.108,29.548],[77.113,29.61],[77.106,29.632],[77.132,29.642],[77.15,29.688],[77.134,29.718],[77.125,29.769],[77.173,29.802],[77.178,29.842],[77.197,29.858],[77.211,29.919],[77.229,29.94],[77.247,29.977],[77.278,30.001],[77.297,30.053],[77.334,30.054],[77.382,30.092],[77.406,30.088],[77.43,30.164],[77.457,30.162],[77.481,30.184],[77.501,30.219],[77.53,30.25],[77.538,30.278],[77.582,30.306],[77.578,30.331],[77.605,30.367],[77.586,30.379],[77.553,30.39],[77.516,30.444],[77.493,30.412],[77.445,30.396],[77.452,30.448],[77.407,30.41],[77.404,30.431],[77.363,30.443],[77.354,30.461],[77.321,30.448],[77.273,30.46],[77.265,30.477],[77.212,30.497],[77.195,30.523],[77.136,30.543],[77.122,30.563],[77.174,30.601],[77.161,30.691],[77.095,30.742],[77.02,30.741],[77.009,30.809],[76.949,30.824],[76.951,30.851],[76.917,30.901],[76.87,30.873],[76.841,30.892],[76.825,30.927],[76.776,30.906],[76.784,30.878],[76.847,30.834],[76.857,30.795],[76.837,30.754],[76.849,30.723],[76.829,30.681],[76.847,30.657],[76.874,30.674],[76.881,30.645],[76.926,30.61],[76.916,30.526],[76.931,30.501],[76.898,30.484],[76.9,30.449],[76.919,30.407],[76.941,30.395],[76.917,30.365],[76.883,30.409],[76.856,30.418],[76.79,30.415],[76.748,30.429],[76.713,30.388],[76.733,30.348],[76.7,30.328],[76.675,30.299],[76.593,30.262],[76.624,30.231],[76.623,30.18],[76.644,30.15],[76.638,30.148],[76.599,30.112],[76.575,30.101],[76.545,30.075],[76.513,30.071],[76.498,30.094],[76.468,30.099],[76.429,30.151],[76.441,30.166],[76.422,30.192],[76.387,30.171],[76.409,30.147],[76.368,30.118],[76.322,30.095],[76.254,30.122],[76.227,30.144],[76.196,30.123],[76.254,30.089],[76.226,30.058],[76.202,29.985],[76.178,29.942],[76.186,29.892],[76.247,29.874],[76.244,29.852],[76.198,29.845],[76.164,29.818],[76.129,29.797],[76.105,29.812],[76.085,29.801],[76.044,29.743],[75.994,29.739],[75.984,29.727],[75.947,29.729],[75.87,29.749],[75.837,29.794],[75.789,29.811],[75.738,29.814],[75.714,29.802],[75.705,29.764],[75.678,29.776],[75.635,29.772],[75.618,29.744],[75.572,29.743],[75.561,29.771],[75.503,29.778],[75.462,29.808],[75.454,29.782],[75.414,29.77],[75.392,29.713],[75.346,29.696],[75.317,29.631],[75.29,29.607],[75.314,29.589],[75.303,29.56],[75.237,29.544],[75.222,29.58],[75.235,29.602],[75.182,29.629],[75.188,29.652],[75.168,29.667],[75.207,29.688],[75.197,29.716],[75.226,29.729],[75.242,29.755],[75.209,29.793],[75.21,29.833],[75.191,29.841],[75.137,29.806],[75.091,29.853],[75.115,29.879],[75.11,29.902],[75.089,29.917],[75.07,29.877],[75.048,29.885],[75.023,29.866],[74.991,29.868],[74.951,29.903],[74.923,29.952],[74.888,29.966],[74.855,29.956],[74.806,29.992],[74.778,29.972],[74.731,29.961],[74.707,29.977],[74.682,29.943],[74.651,29.926],[74.648,29.905],[74.597,29.913],[74.527,29.943],[74.51,29.908],[74.544,29.902],[74.561,29.87],[74.538,29.84],[74.509,29.834],[74.482,29.812],[74.474,29.786],[74.478,29.747],[74.535,29.741],[74.547,29.755],[74.601,29.766],[74.61,29.722],[74.585,29.654],[74.576,29.56],[74.623,29.531],[74.595,29.489],[74.585,29.458],[74.548,29.468],[74.537,29.425],[74.566,29.421],[74.578,29.389],[74.603,29.365],[74.604,29.327],[74.655,29.333],[74.658,29.372],[74.72,29.37],[74.74,29.354],[74.782,29.358],[74.82,29.397],[74.851,29.404],[74.878,29.384],[74.9,29.385],[74.938,29.362],[74.94,29.34],[74.961,29.318],[74.962,29.28],[74.999,29.27],[75.017,29.284],[75.05,29.286],[75.075,29.23],[75.12,29.223],[75.124,29.24],[75.159,29.242],[75.188,29.268],[75.21,29.235],[75.238,29.23],[75.245,29.25],[75.284,29.25],[75.285,29.269],[75.322,29.289],[75.341,29.281],[75.33,29.233],[75.356,29.223],[75.378,29.257],[75.412,29.242],[75.407,29.17],[75.382,29.168],[75.375,29.135],[75.402,29.128],[75.391,29.063],[75.442,29.058],[75.458,29.014],[75.521,29.004],[75.527,28.97],[75.501,28.934],[75.476,28.932],[75.497,28.896],[75.497,28.855],[75.52,28.835],[75.511,28.781],[75.538,28.727],[75.541,28.66],[75.561,28.636],[75.562,28.613],[75.619,28.603],[75.633,28.544],[75.668,28.533],[75.671,28.517],[75.701,28.493],[75.739,28.485],[75.736,28.469],[75.788,28.454],[75.77,28.423],[75.777,28.4],[75.833,28.405],[75.845,28.392],[75.896,28.39],[75.901,28.372],[75.93,28.359],[75.933,28.337],[75.999,28.286],[76.026,28.275],[76.013,28.244],[76.04,28.222],[76.051,28.196],[76.072,28.194],[76.071,28.165],[76.026,28.165],[76.004,28.149],[75.999,28.123],[75.977,28.125],[75.946,28.108],[75.939,28.088],[75.983,28.081],[75.993,28.046],[76.023,28.086],[76.041,28.074],[76.016,28.031],[75.977,28.031],[75.99,27.995],[75.973,27.933],[75.952,27.948],[75.942,27.913],[75.975,27.912],[75.984,27.883],[75.971,27.852],[76.048,27.835],[76.075,27.844],[76.088,27.861],[76.123,27.851],[76.132,27.824],[76.181,27.798],[76.199,27.821],[76.225,27.833],[76.194,27.86],[76.201,27.893],[76.168,27.903],[76.187,27.965],[76.163,27.973],[76.16,27.998],[76.189,28.056],[76.228,28.048],[76.261,28.068],[76.294,28.049],[76.292,28.026],[76.321,28.016],[76.341,28.029],[76.357,28.067],[76.333,28.077],[76.337,28.103],[76.36,28.125],[76.326,28.146],[76.298,28.149],[76.312,28.178],[76.354,28.164],[76.357,28.144],[76.476,28.149],[76.499,28.1],[76.464,28.109],[76.483,28.053],[76.502,28.032],[76.53,28.04],[76.545,28.011],[76.538,27.968],[76.562,27.966],[76.59,27.998],[76.641,28.002],[76.668,28.014],[76.652,28.062],[76.657,28.089],[76.685,28.092],[76.716,28.128],[76.744,28.121],[76.762,28.143],[76.795,28.148],[76.797,28.192],[76.808,28.211],[76.853,28.221],[76.891,28.205],[76.902,28.181],[76.932,28.153],[76.971,28.138],[76.954,28.063],[76.94,28.044],[76.931,27.993],[76.932,27.922],[76.943,27.854],[76.915,27.835],[76.913,27.789],[76.902,27.774],[76.895,27.718],[76.919,27.71],[76.899,27.678],[76.916,27.652],[76.943,27.673],[76.978,27.654],[77.001,27.737],[77.045,27.743],[77.06,27.726],[77.086,27.738],[77.075,27.767],[77.036,27.782],[77.045,27.821],[77.075,27.814],[77.108,27.785],[77.122,27.792],[77.183,27.787],[77.213,27.808],[77.243,27.784],[77.264,27.805],[77.284,27.801],[77.331,27.831],[77.335,27.847],[77.349,27.856],[77.413,27.852],[77.422,27.891],[77.451,27.871],[77.479,27.898],[77.475,27.929],[77.526,27.925],[77.544,27.962],[77.5,28.062],[77.476,28.085],[77.512,28.125],[77.493,28.139],[77.549,28.176],[77.519,28.243],[77.498,28.248],[77.491,28.271],[77.506,28.304],[77.472,28.337],[77.505,28.363],[77.478,28.419],[77.436,28.431],[77.433,28.455],[77.375,28.476],[77.345,28.513],[77.314,28.484],[77.29,28.497],[77.248,28.481],[77.236,28.471],[77.253,28.433],[77.229,28.414],[77.174,28.405],[77.166,28.426],[77.124,28.445],[77.119,28.488],[77.099,28.511],[77.067,28.512],[77.015,28.54],[76.952,28.504],[76.908,28.514],[76.885,28.501],[76.887,28.521],[76.842,28.556],[76.84,28.583],[76.863,28.585],[76.888,28.632],[76.921,28.631],[76.935,28.668],[76.954,28.668],[76.968,28.7],[76.948,28.714],[76.958,28.743],[76.954,28.791],[76.942,28.799],[76.962,28.815],[76.995,28.84],[77.04,28.832],[77.062,28.871],[77.11,28.87],[77.173,28.857],[77.21,28.858]]]},"properties":{"state":"Haryana"}},
{"type":"Feature","geometry":{"type":"Polygon","coordinates":[[[77.586,30.379],[77.576,30.397],[77.599,30.428],[77.646,30.433],[77.654,30.448],[77.688,30.447],[77.721,30.473],[77.783,30.501],[77.819,30.508],[77.828,30.531],[77.806,30.554],[77.772,30.559],[77.757,30.604],[77.787,30.614],[77.773,30.669],[77.747,30.68],[77.756,30.707],[77.704,30.764],[77.721,30.776],[77.758,30.835],[77.757,30.86],[77.806,30.853],[77.804,30.924],[77.762,30.919],[77.749,30.953],[77.769,30.974],[77.81,30.956],[77.824,30.988],[77.807,31.027],[77.83,31.029],[77.816,31.05],[77.851,31.073],[77.864,31.109],[77.889,31.119],[77.908,31.154],[77.925,31.15],[77.969,31.172],[77.985,31.157],[78.029,31.162],[78.066,31.187],[78.104,31.185],[78.16,31.225],[78.198,31.218],[78.22,31.234],[78.243,31.229],[78.283,31.266],[78.311,31.283],[78.37,31.286],[78.407,31.256],[78.436,31.254],[78.462,31.236],[78.484,31.199],[78.552,31.2],[78.58,31.226],[78.607,31.229],[78.649,31.213],[78.662,31.189],[78.769,31.186],[78.81,31.198],[78.811,31.172],[78.844,31.128],[78.89,31.097],[78.959,31.099],[79.006,31.119],[78.991,31.138],[78.986,31.174],[78.958,31.187],[78.922,31.225],[78.912,31.251],[78.887,31.267],[78.876,31.303],[78.827,31.296],[78.792,31.305],[78.77,31.324],[78.753,31.385],[78.798,31.443],[78.78,31.45],[78.759,31.482],[78.727,31.49],[78.731,31.532],[78.798,31.562],[78.847,31.608],[78.81,31.638],[78.799,31.682],[78.764,31.675],[78.73,31.733],[78.726,31.758],[78.706,31.774],[78.703,31.807],[78.742,31.835],[78.75,31.874],[78.742,31.901],[78.771,31.929],[78.765,32.003],[78.734,32.004],[78.706,32.066],[78.675,32.088],[78.684,32.115],[78.633,32.126],[78.597,32.159],[78.6,32.193],[78.561,32.203],[78.519,32.264],[78.499,32.275],[78.511,32.303],[78.481,32.324],[78.484,32.36],[78.467,32.366],[78.471,32.444],[78.449,32.461],[78.416,32.517],[78.4,32.524],[78.365,32.499],[78.349,32.464],[78.311,32.446],[78.285,32.469],[78.306,32.511],[78.314,32.566],[78.379,32.599],[78.392,32.633],[78.382,32.654],[78.401,32.695],[78.386,32.719],[78.386,32.75],[78.357,32.758],[78.306,32.733],[78.294,32.701],[78.261,32.703],[78.246,32.672],[78.219,32.665],[78.158,32.684],[78.147,32.654],[78.11,32.663],[78.099,32.63],[78.06,32.627],[78.047,32.645],[78.018,32.62],[77.992,32.631],[77.972,32.654],[77.946,32.662],[77.919,32.691],[77.934,32.726],[77.934,32.76],[77.884,32.788],[77.877,32.82],[77.839,32.842],[77.791,32.856],[77.784,32.883],[77.811,32.907],[77.713,32.982],[77.633,32.945],[77.603,32.943],[77.538,32.886],[77.501,32.886],[77.469,32.859],[77.445,32.88],[77.397,32.878],[77.373,32.823],[77.339,32.817],[77.32,32.852],[77.304,32.85],[77.274,32.874],[77.203,32.906],[77.169,32.91],[77.149,32.956],[77.151,32.978],[77.116,32.985],[77.095,32.971],[77.047,32.999],[77.009,32.989],[76.972,33],[76.941,33.028],[76.906,33.078],[76.885,33.121],[76.855,33.114],[76.844,33.138],[76.817,33.16],[76.818,33.195],[76.834,33.205],[76.799,33.256],[76.771,33.249],[76.776,33.22],[76.747,33.179],[76.721,33.181],[76.639,33.162],[76.613,33.173],[76.595,33.206],[76.561,33.21],[76.51,33.196],[76.482,33.179],[76.404,33.186],[76.368,33.153],[76.315,33.125],[76.286,33.102],[76.29,33.057],[76.243,33.021],[76.222,33.023],[76.177,33.02],[76.168,33.009],[76.107,33.006],[76.098,32.972],[76.027,32.916],[75.949,32.873],[75.904,32.913],[75.837,32.928],[75.796,32.884],[75.81,32.862],[75.879,32.812],[75.885,32.783],[75.922,32.747],[75.897,32.698],[75.892,32.659],[75.923,32.643],[75.916,32.614],[75.884,32.59],[75.872,32.548],[75.832,32.511],[75.881,32.464],[75.903,32.452],[75.937,32.397],[75.874,32.396],[75.827,32.35],[75.812,32.349],[75.772,32.289],[75.629,32.242],[75.624,32.19],[75.655,32.197],[75.673,32.159],[75.656,32.134],[75.63,32.122],[75.601,32.093],[75.596,32.086],[75.602,32.066],[75.657,32.078],[75.704,32.054],[75.724,32.033],[75.751,32.038],[75.78,32.005],[75.824,31.983],[75.892,31.962],[75.912,31.94],[75.96,31.857],[75.969,31.824],[75.948,31.813],[75.983,31.719],[76.006,31.676],[76.018,31.633],[76.098,31.534],[76.134,31.451],[76.162,31.422],[76.17,31.399],[76.147,31.38],[76.149,31.353],[76.181,31.334],[76.181,31.31],[76.214,31.299],[76.239,31.309],[76.289,31.306],[76.311,31.319],[76.308,31.342],[76.342,31.355],[76.352,31.398],[76.395,31.408],[76.393,31.389],[76.432,31.327],[76.463,31.304],[76.479,31.309],[76.506,31.268],[76.521,31.28],[76.544,31.259],[76.588,31.274],[76.645,31.209],[76.615,31.19],[76.601,31.129],[76.636,31.102],[76.617,31.078],[76.627,31.025],[76.625,30.998],[76.684,30.968],[76.722,30.962],[76.737,30.938],[76.776,30.906],[76.825,30.927],[76.841,30.892],[76.87,30.873],[76.917,30.901],[76.951,30.851],[76.949,30.824],[77.009,30.809],[77.02,30.741],[77.095,30.742],[77.161,30.691],[77.174,30.601],[77.122,30.563],[77.136,30.543],[77.195,30.523],[77.212,30.497],[77.265,30.477],[77.273,30.46],[77.321,30.448],[77.354,30.461],[77.363,30.443],[77.404,30.431],[77.407,30.41],[77.452,30.448],[77.445,30.396],[77.493,30.412],[77.516,30.444],[77.553,30.39],[77.586,30.379]]]},"properties":{"state":"Himachal Pradesh"}},
{"type":"Feature","geometry":{"type":"Polygon","coordinates":[[[76.771,33.249],[76.737,33.261],[76.732,33.299],[76.718,33.329],[76.671,33.342],[76.651,33.383],[76.614,33.439],[76.582,33.426],[76.569,33.465],[76.55,33.464],[76.507,33.51],[76.458,33.537],[76.425,33.537],[76.384,33.552],[76.359,33.603],[76.336,33.611],[76.3,33.601],[76.303,33.568],[76.26,33.565],[76.226,33.547],[76.23,33.631],[76.27,33.643],[76.285,33.662],[76.266,33.679],[76.265,33.746],[76.218,33.759],[76.163,33.821],[76.137,33.879],[76.092,33.902],[76.047,33.913],[76.043,33.952],[76.027,33.972],[75.978,33.972],[75.966,33.954],[75.909,33.969],[75.845,33.954],[75.822,33.966],[75.83,33.992],[75.814,34.015],[75.768,34.043],[75.719,34.103],[75.687,34.116],[75.679,34.155],[75.691,34.195],[75.65,34.211],[75.593,34.198],[75.523,34.229],[75.495,34.232],[75.47,34.279],[75.403,34.285],[75.396,34.317],[75.376,34.342],[75.383,34.367],[75.367,34.391],[75.373,34.411],[75.329,34.437],[75.353,34.469],[75.343,34.49],[75.366,34.524],[75.344,34.563],[75.32,34.565],[75.301,34.586],[75.264,34.603],[75.242,34.638],[75.206,34.644],[75.208,34.665],[75.232,34.691],[75.258,34.698],[75.251,34.75],[75.256,34.774],[75.223,34.818],[75.144,34.85],[75.142,34.875],[75.101,34.919],[75.064,34.905],[75.064,34.847],[75.016,34.848],[74.93,34.787],[74.907,34.793],[74.887,34.822],[74.808,34.85],[74.777,34.841],[74.75,34.845],[74.711,34.881],[74.684,34.879],[74.664,34.9],[74.604,34.925],[74.577,34.914],[74.571,34.976],[74.585,35.018],[74.531,35.046],[74.54,35.075],[74.499,35.116],[74.44,35.126],[74.415,35.112],[74.382,35.068],[74.305,35.068],[74.265,35.041],[74.245,35.052],[74.235,35.081],[74.215,35.094],[74.156,35.091],[74.134,35.105],[74.101,35.099],[74.071,35.058],[74.078,35.039],[74.106,35.018],[74.066,34.998],[74.061,34.968],[74.071,34.935],[74.039,34.921],[74.042,34.893],[74.02,34.872],[73.967,34.864],[73.958,34.836],[73.899,34.819],[73.834,34.81],[73.824,34.794],[73.767,34.794],[73.722,34.763],[73.705,34.722],[73.659,34.673],[73.695,34.647],[73.654,34.601],[73.651,34.563],[73.611,34.585],[73.556,34.59],[73.539,34.574],[73.493,34.575],[73.448,34.567],[73.431,34.523],[73.435,34.485],[73.422,34.466],[73.428,34.426],[73.409,34.378],[73.396,34.372],[73.442,34.325],[73.461,34.287],[73.481,34.289],[73.474,34.249],[73.496,34.215],[73.493,34.146],[73.516,33.999],[73.55,33.934],[73.591,33.897],[73.56,33.781],[73.595,33.751],[73.598,33.701],[73.567,33.668],[73.585,33.617],[73.629,33.571],[73.627,33.538],[73.605,33.5],[73.62,33.473],[73.602,33.417],[73.573,33.392],[73.57,33.343],[73.598,33.328],[73.596,33.303],[73.624,33.234],[73.668,33.202],[73.649,33.137],[73.631,33.118],[73.638,33.085],[73.7,33.085],[73.749,33.06],[73.748,33.036],[73.795,33.004],[73.908,33.001],[73.97,32.969],[73.998,32.962],[73.999,32.939],[74.024,32.93],[74.058,32.935],[74.063,32.912],[74.137,32.896],[74.211,32.873],[74.22,32.849],[74.303,32.83],[74.314,32.797],[74.355,32.767],[74.391,32.763],[74.415,32.785],[74.459,32.788],[74.486,32.764],[74.534,32.745],[74.554,32.758],[74.59,32.751],[74.619,32.761],[74.64,32.782],[74.635,32.807],[74.705,32.842],[74.704,32.817],[74.656,32.728],[74.653,32.697],[74.667,32.675],[74.696,32.664],[74.657,32.63],[74.642,32.601],[74.663,32.545],[74.691,32.533],[74.682,32.494],[74.711,32.478],[74.755,32.482],[74.798,32.477],[74.819,32.498],[74.878,32.493],[74.879,32.477],[74.953,32.447],[74.992,32.451],[75.017,32.465],[75.03,32.495],[75.108,32.461],[75.132,32.43],[75.153,32.421],[75.199,32.422],[75.26,32.37],[75.29,32.37],[75.302,32.344],[75.332,32.327],[75.365,32.333],[75.44,32.318],[75.482,32.32],[75.513,32.307],[75.537,32.283],[75.54,32.336],[75.595,32.377],[75.687,32.39],[75.736,32.43],[75.73,32.453],[75.777,32.465],[75.824,32.496],[75.832,32.511],[75.872,32.548],[75.884,32.59],[75.916,32.614],[75.923,32.643],[75.892,32.659],[75.897,32.698],[75.922,32.747],[75.885,32.783],[75.879,32.812],[75.81,32.862],[75.796,32.884],[75.837,32.928],[75.904,32.913],[75.949,32.873],[76.027,32.916],[76.098,32.972],[76.107,33.006],[76.168,33.009],[76.177,33.02],[76.222,33.023],[76.243,33.021],[76.29,33.057],[76.286,33.102],[76.315,33.125],[76.368,33.153],[76.404,33.186],[76.482,33.179],[76.51,33.196],[76.561,33.21],[76.595,33.206],[76.613,33.173],[76.639,33.162],[76.721,33.181],[76.747,33.179],[76.776,33.22],[76.771,33.249]]]},"properties":{"state":"Jammu and Kashmir"}},
{"type":"Feature","geometry":{"type":"Polygon","coordinates":[[[83.503,24.525],[83.402,24.503],[83.386,24.458],[83.405,24.436],[83.405,24.405],[83.43,24.4],[83.448,24.371],[83.434,24.339],[83.411,24.34],[83.38,24.313],[83.407,24.289],[83.408,24.263],[83.378,24.229],[83.382,24.195],[83.355,24.127],[83.329,24.101],[83.388,24.1],[83.407,24.08],[83.432,24.086],[83.453,24.042],[83.508,24.031],[83.524,24.012],[83.515,23.981],[83.549,23.934],[83.558,23.893],[83.579,23.892],[83.592,23.863],[83.667,23.844],[83.674,23.827],[83.708,23.817],[83.738,23.76],[83.746,23.719],[83.724,23.684],[83.759,23.654],[83.752,23.639],[83.777,23.608],[83.817,23.595],[83.94,23.57],[83.932,23.62],[84.016,23.634],[84.03,23.6],[84.028,23.546],[84.015,23.504],[83.974,23.452],[83.985,23.434],[83.967,23.388],[83.981,23.365],[84.012,23.355],[84.027,23.378],[84.05,23.375],[84.074,23.334],[84.054,23.244],[84.063,23.206],[84.038,23.171],[84.04,23.137],[84.072,23.109],[84.093,23.113],[84.133,23.083],[84.126,23.036],[84.147,22.99],[84.178,22.98],[84.18,23.023],[84.219,22.979],[84.281,22.964],[84.328,22.982],[84.38,22.97],[84.395,22.923],[84.378,22.91],[84.381,22.877],[84.359,22.861],[84.335,22.862],[84.314,22.8],[84.292,22.774],[84.261,22.767],[84.23,22.738],[84.238,22.692],[84.218,22.666],[84.151,22.636],[84.084,22.638],[84.05,22.596],[84.01,22.573],[84.01,22.526],[84.061,22.516],[84.115,22.475],[84.142,22.473],[84.141,22.426],[84.2,22.376],[84.251,22.378],[84.269,22.355],[84.297,22.341],[84.4,22.346],[84.431,22.371],[84.477,22.387],[84.477,22.408],[84.536,22.427],[84.629,22.435],[84.668,22.418],[84.75,22.419],[84.759,22.447],[84.806,22.448],[84.842,22.432],[84.882,22.448],[84.91,22.423],[84.958,22.456],[84.973,22.451],[85.038,22.48],[85.067,22.484],[85.068,22.428],[85.082,22.417],[85.095,22.347],[85.089,22.32],[85.1,22.294],[85.071,22.274],[85.078,22.258],[85.054,22.185],[85.029,22.163],[85.027,22.123],[84.983,22.096],[84.994,22.081],[85.042,22.116],[85.099,22.105],[85.12,22.073],[85.144,22.08],[85.215,22.048],[85.221,22.018],[85.239,22.01],[85.281,22.09],[85.323,22.127],[85.361,22.132],[85.367,22.159],[85.412,22.162],[85.492,22.12],[85.597,22.079],[85.654,22.094],[85.677,22.057],[85.708,22.058],[85.757,22.079],[85.807,22.116],[85.833,22.093],[85.823,22.074],[85.793,22.082],[85.775,22.056],[85.784,22.04],[85.759,22.009],[85.783,21.985],[85.824,21.975],[85.853,21.984],[85.898,21.984],[85.931,22.023],[85.944,22.02],[86.008,22.118],[86.005,22.15],[86.031,22.193],[85.986,22.237],[85.989,22.267],[86.023,22.309],[86.011,22.341],[86.024,22.395],[86.015,22.429],[85.983,22.437],[85.96,22.461],[85.963,22.485],[85.985,22.515],[86.001,22.515],[86.045,22.568],[86.065,22.555],[86.103,22.5],[86.124,22.489],[86.208,22.473],[86.225,22.453],[86.269,22.442],[86.321,22.397],[86.321,22.385],[86.358,22.349],[86.409,22.321],[86.445,22.312],[86.487,22.348],[86.502,22.343],[86.525,22.308],[86.582,22.302],[86.65,22.264],[86.687,22.222],[86.725,22.218],[86.76,22.212],[86.777,22.226],[86.802,22.218],[86.823,22.267],[86.887,22.258],[86.888,22.297],[86.838,22.32],[86.832,22.346],[86.846,22.399],[86.807,22.421],[86.765,22.427],[86.75,22.483],[86.793,22.478],[86.797,22.507],[86.766,22.575],[86.71,22.583],[86.659,22.575],[86.633,22.611],[86.642,22.657],[86.619,22.679],[86.558,22.712],[86.545,22.723],[86.513,22.717],[86.477,22.735],[86.47,22.751],[86.418,22.784],[86.465,22.894],[86.435,22.925],[86.465,22.945],[86.491,22.938],[86.521,22.971],[86.498,22.992],[86.446,22.988],[86.425,22.997],[86.4,22.98],[86.354,22.999],[86.34,22.99],[86.292,23.013],[86.239,22.996],[86.184,23.006],[86.143,23.054],[86.127,23.087],[86.099,23.084],[86.051,23.107],[86.045,23.144],[85.957,23.161],[85.914,23.149],[85.894,23.156],[85.883,23.196],[85.82,23.269],[85.839,23.307],[85.868,23.33],[85.873,23.391],[85.899,23.405],[85.865,23.431],[85.87,23.475],[85.887,23.484],[85.955,23.471],[86.023,23.486],[86.038,23.498],[86.016,23.547],[86.041,23.577],[86.081,23.566],[86.129,23.568],[86.158,23.541],[86.161,23.509],[86.149,23.465],[86.229,23.443],[86.234,23.421],[86.289,23.429],[86.321,23.443],[86.352,23.442],[86.375,23.509],[86.369,23.541],[86.399,23.579],[86.412,23.575],[86.461,23.63],[86.488,23.638],[86.535,23.631],[86.574,23.648],[86.612,23.676],[86.637,23.676],[86.719,23.699],[86.747,23.679],[86.806,23.696],[86.814,23.746],[86.828,23.764],[86.803,23.801],[86.801,23.834],[86.827,23.814],[86.853,23.825],[86.896,23.878],[86.916,23.882],[86.934,23.854],[86.966,23.865],[87.011,23.853],[87.087,23.809],[87.152,23.799],[87.154,23.829],[87.13,23.854],[87.134,23.87],[87.18,23.852],[87.214,23.851],[87.238,23.826],[87.254,23.846],[87.242,23.87],[87.291,23.893],[87.284,23.938],[87.294,23.957],[87.26,23.972],[87.233,24.024],[87.248,24.045],[87.287,24.029],[87.337,24.034],[87.36,24.013],[87.441,23.981],[87.512,24.036],[87.493,24.054],[87.5,24.102],[87.523,24.113],[87.56,24.082],[87.591,24.127],[87.577,24.157],[87.608,24.166],[87.642,24.153],[87.694,24.15],[87.697,24.188],[87.676,24.208],[87.639,24.214],[87.64,24.254],[87.688,24.246],[87.729,24.288],[87.762,24.308],[87.764,24.339],[87.799,24.394],[87.793,24.431],[87.811,24.476],[87.814,24.509],[87.791,24.572],[87.812,24.579],[87.828,24.558],[87.89,24.566],[87.913,24.593],[87.906,24.629],[87.917,24.666],[87.901,24.694],[87.905,24.725],[87.845,24.74],[87.828,24.755],[87.869,24.775],[87.896,24.823],[87.897,24.858],[87.923,24.89],[87.95,24.905],[87.963,24.935],[87.958,24.971],[87.941,24.991],[87.899,25.007],[87.857,25.055],[87.808,25.072],[87.774,25.125],[87.788,25.191],[87.787,25.247],[87.776,25.253],[87.742,25.259],[87.713,25.258],[87.693,25.285],[87.692,25.312],[87.655,25.308],[87.63,25.32],[87.604,25.315],[87.575,25.341],[87.552,25.332],[87.543,25.294],[87.488,25.286],[87.495,25.271],[87.476,25.237],[87.478,25.194],[87.463,25.195],[87.391,25.228],[87.371,25.207],[87.334,25.216],[87.318,25.195],[87.314,25.16],[87.295,25.089],[87.25,25.106],[87.237,25.086],[87.214,25.091],[87.175,25.057],[87.146,25.019],[87.151,24.987],[87.142,24.914],[87.147,24.871],[87.1,24.848],[87.073,24.809],[87.08,24.726],[87.054,24.67],[87.049,24.621],[86.996,24.62],[86.978,24.64],[86.932,24.629],[86.907,24.588],[86.915,24.543],[86.877,24.568],[86.812,24.583],[86.789,24.619],[86.754,24.621],[86.75,24.598],[86.67,24.565],[86.623,24.59],[86.609,24.608],[86.58,24.567],[86.511,24.524],[86.488,24.462],[86.491,24.428],[86.469,24.426],[86.472,24.393],[86.455,24.372],[86.414,24.38],[86.397,24.403],[86.359,24.429],[86.35,24.447],[86.317,24.442],[86.276,24.466],[86.309,24.51],[86.303,24.559],[86.32,24.586],[86.265,24.584],[86.235,24.603],[86.194,24.586],[86.163,24.586],[86.122,24.616],[86.115,24.644],[86.132,24.678],[86.105,24.737],[86.066,24.752],[86.055,24.78],[85.98,24.749],[85.969,24.733],[85.938,24.735],[85.904,24.766],[85.889,24.792],[85.867,24.804],[85.82,24.808],[85.81,24.794],[85.775,24.798],[85.736,24.821],[85.705,24.767],[85.708,24.726],[85.683,24.693],[85.649,24.685],[85.676,24.618],[85.678,24.592],[85.652,24.575],[85.615,24.581],[85.581,24.601],[85.572,24.562],[85.545,24.548],[85.524,24.521],[85.492,24.548],[85.432,24.532],[85.371,24.555],[85.392,24.53],[85.354,24.524],[85.281,24.52],[85.285,24.494],[85.249,24.491],[85.224,24.465],[85.161,24.461],[85.174,24.425],[85.122,24.402],[85.09,24.373],[85.083,24.4],[85.032,24.415],[84.955,24.371],[84.909,24.384],[84.883,24.424],[84.886,24.459],[84.833,24.47],[84.839,24.512],[84.802,24.531],[84.79,24.508],[84.748,24.496],[84.727,24.469],[84.685,24.454],[84.665,24.391],[84.632,24.405],[84.615,24.399],[84.568,24.409],[84.559,24.376],[84.534,24.36],[84.502,24.288],[84.493,24.286],[84.486,24.302],[84.47,24.315],[84.466,24.332],[84.425,24.33],[84.428,24.356],[84.404,24.363],[84.387,24.385],[84.342,24.394],[84.337,24.429],[84.297,24.449],[84.304,24.481],[84.327,24.487],[84.298,24.559],[84.271,24.56],[84.257,24.527],[84.236,24.549],[84.219,24.534],[84.187,24.553],[84.184,24.515],[84.141,24.501],[84.111,24.477],[84.091,24.497],[84.089,24.524],[84.034,24.63],[84.008,24.643],[83.976,24.592],[83.934,24.548],[83.875,24.532],[83.799,24.529],[83.725,24.504],[83.681,24.513],[83.597,24.512],[83.553,24.523],[83.503,24.525]]]},"properties":{"state":"Jharkhand"}},
{"type":"Feature","geometry":{"type":"MultiPolygon","coordinates":[[[[77.513,15.927],[77.52,15.967],[77.514,16.008],[77.494,16.037],[77.507,16.079],[77.49,16.12],[77.492,16.187],[77.5,16.218],[77.49,16.255],[77.505,16.276],[77.538,16.271],[77.545,16.292],[77.596,16.317],[77.595,16.343],[77.573,16.341],[77.49,16.385],[77.439,16.38],[77.423,16.366],[77.379,16.385],[77.288,16.409],[77.269,16.43],[77.264,16.473],[77.369,16.489],[77.381,16.516],[77.417,16.517],[77.424,16.569],[77.461,16.585],[77.468,16.61],[77.419,16.669],[77.464,16.676],[77.474,16.717],[77.427,16.729],[77.443,16.763],[77.441,16.786],[77.474,16.781],[77.458,16.828],[77.464,16.851],[77.456,16.886],[77.472,16.957],[77.479,16.995],[77.502,17.009],[77.497,17.043],[77.465,17.108],[77.407,17.125],[77.378,17.14],[77.362,17.164],[77.38,17.223],[77.42,17.238],[77.456,17.331],[77.454,17.374],[77.503,17.357],[77.525,17.365],[77.513,17.431],[77.537,17.444],[77.575,17.431],[77.576,17.456],[77.614,17.446],[77.615,17.472],[77.652,17.483],[77.689,17.475],[77.688,17.512],[77.661,17.523],[77.597,17.534],[77.588,17.56],[77.551,17.552],[77.528,17.575],[77.507,17.542],[77.494,17.568],[77.443,17.584],[77.456,17.632],[77.448,17.651],[77.452,17.695],[77.522,17.726],[77.547,17.728],[77.56,17.763],[77.509,17.788],[77.515,17.804],[77.567,17.845],[77.57,17.868],[77.619,17.904],[77.623,17.946],[77.649,17.95],[77.648,18],[77.628,17.997],[77.554,18.036],[77.548,18.065],[77.597,18.087],[77.597,18.156],[77.575,18.177],[77.585,18.22],[77.573,18.239],[77.6,18.276],[77.551,18.292],[77.519,18.309],[77.512,18.282],[77.492,18.267],[77.448,18.27],[77.428,18.312],[77.41,18.302],[77.366,18.307],[77.395,18.369],[77.414,18.393],[77.374,18.401],[77.362,18.437],[77.342,18.436],[77.317,18.442],[77.266,18.422],[77.242,18.413],[77.212,18.316],[77.209,18.288],[77.175,18.285],[77.14,18.208],[77.098,18.193],[77.113,18.157],[77.064,18.151],[77.033,18.182],[77.023,18.159],[76.997,18.165],[76.991,18.19],[76.952,18.188],[76.92,18.118],[76.954,18.111],[76.945,18.048],[76.914,18.035],[76.906,18.01],[76.921,17.942],[76.884,17.895],[76.852,17.901],[76.775,17.878],[76.768,17.901],[76.74,17.9],[76.738,17.86],[76.767,17.852],[76.79,17.827],[76.78,17.803],[76.734,17.781],[76.693,17.707],[76.694,17.696],[76.691,17.681],[76.664,17.688],[76.653,17.722],[76.633,17.728],[76.612,17.77],[76.594,17.722],[76.57,17.705],[76.563,17.765],[76.531,17.758],[76.524,17.715],[76.487,17.715],[76.487,17.658],[76.429,17.645],[76.42,17.604],[76.332,17.596],[76.347,17.513],[76.331,17.47],[76.333,17.434],[76.372,17.436],[76.363,17.378],[76.409,17.371],[76.383,17.315],[76.354,17.314],[76.345,17.354],[76.318,17.332],[76.276,17.335],[76.272,17.361],[76.196,17.364],[76.163,17.345],[76.12,17.37],[76.1,17.365],[76.072,17.335],[76.062,17.354],[76.01,17.352],[76,17.339],[75.926,17.325],[75.89,17.361],[75.894,17.401],[75.857,17.387],[75.849,17.412],[75.821,17.421],[75.804,17.368],[75.78,17.376],[75.765,17.406],[75.731,17.42],[75.718,17.41],[75.683,17.417],[75.675,17.457],[75.633,17.477],[75.622,17.459],[75.609,17.394],[75.574,17.383],[75.581,17.351],[75.61,17.345],[75.604,17.305],[75.63,17.274],[75.654,17.274],[75.662,17.215],[75.628,17.189],[75.628,17.163],[75.65,17.116],[75.672,17.116],[75.677,17.065],[75.666,16.98],[75.646,16.954],[75.61,16.972],[75.607,17.005],[75.567,17.009],[75.563,16.968],[75.529,16.969],[75.489,16.944],[75.483,16.976],[75.466,16.988],[75.428,16.966],[75.392,16.98],[75.342,16.956],[75.28,16.957],[75.29,16.904],[75.265,16.863],[75.238,16.868],[75.228,16.843],[75.183,16.843],[75.177,16.868],[75.136,16.874],[75.117,16.913],[75.096,16.914],[75.089,16.952],[75.064,16.942],[74.989,16.952],[74.922,16.93],[74.961,16.881],[74.927,16.864],[74.91,16.835],[74.911,16.789],[74.92,16.773],[74.85,16.773],[74.845,16.762],[74.775,16.752],[74.732,16.718],[74.691,16.716],[74.689,16.677],[74.665,16.666],[74.657,16.643],[74.689,16.617],[74.636,16.584],[74.569,16.554],[74.543,16.595],[74.544,16.635],[74.491,16.63],[74.463,16.604],[74.397,16.583],[74.379,16.528],[74.318,16.554],[74.291,16.505],[74.297,16.465],[74.33,16.448],[74.339,16.391],[74.319,16.372],[74.317,16.328],[74.349,16.292],[74.384,16.292],[74.416,16.28],[74.418,16.258],[74.503,16.225],[74.507,16.191],[74.49,16.177],[74.485,16.142],[74.491,16.104],[74.482,16.089],[74.429,16.112],[74.365,16.058],[74.381,16.035],[74.415,16.056],[74.451,16.054],[74.463,16.038],[74.428,15.952],[74.387,15.905],[74.398,15.851],[74.363,15.875],[74.346,15.851],[74.366,15.826],[74.371,15.795],[74.345,15.765],[74.323,15.773],[74.308,15.748],[74.268,15.755],[74.24,15.743],[74.209,15.781],[74.201,15.759],[74.162,15.751],[74.126,15.724],[74.132,15.694],[74.103,15.672],[74.118,15.652],[74.164,15.653],[74.167,15.672],[74.203,15.663],[74.224,15.669],[74.252,15.654],[74.244,15.626],[74.264,15.616],[74.249,15.568],[74.277,15.547],[74.278,15.522],[74.251,15.492],[74.275,15.449],[74.269,15.419],[74.283,15.383],[74.321,15.369],[74.326,15.284],[74.271,15.278],[74.26,15.241],[74.302,15.224],[74.317,15.187],[74.285,15.149],[74.278,15.091],[74.296,15.044],[74.252,14.993],[74.252,14.96],[74.214,14.948],[74.204,14.928],[74.175,14.959],[74.154,14.94],[74.086,14.901],[74.096,14.898],[74.125,14.84],[74.125,14.777],[74.142,14.779],[74.16,14.752],[74.193,14.735],[74.249,14.741],[74.283,14.677],[74.281,14.61],[74.315,14.543],[74.317,14.52],[74.355,14.522],[74.394,14.418],[74.413,14.317],[74.454,14.2],[74.469,14.189],[74.486,14.095],[74.514,13.987],[74.549,13.949],[74.582,13.925],[74.619,13.824],[74.651,13.666],[74.664,13.652],[74.682,13.543],[74.692,13.452],[74.698,13.343],[74.716,13.313],[74.777,13.071],[74.824,12.849],[74.846,12.796],[74.869,12.761],[74.882,12.754],[74.928,12.779],[74.968,12.776],[75.003,12.792],[74.993,12.747],[75.019,12.721],[75.052,12.72],[75.043,12.672],[75.065,12.665],[75.111,12.682],[75.162,12.672],[75.144,12.64],[75.17,12.622],[75.188,12.633],[75.22,12.569],[75.237,12.57],[75.276,12.619],[75.291,12.583],[75.27,12.558],[75.28,12.526],[75.307,12.503],[75.332,12.499],[75.358,12.464],[75.382,12.501],[75.416,12.5],[75.413,12.459],[75.371,12.457],[75.367,12.413],[75.38,12.394],[75.422,12.374],[75.411,12.346],[75.428,12.304],[75.414,12.292],[75.471,12.3],[75.504,12.271],[75.534,12.203],[75.577,12.159],[75.62,12.156],[75.643,12.139],[75.661,12.1],[75.686,12.11],[75.727,12.072],[75.752,12.084],[75.786,12.084],[75.801,12.037],[75.822,12.014],[75.829,11.984],[75.859,11.959],[75.938,11.94],[76.003,11.931],[76.034,11.94],[76.07,11.967],[76.112,11.977],[76.115,11.867],[76.12,11.85],[76.158,11.87],[76.207,11.862],[76.211,11.828],[76.227,11.806],[76.281,11.811],[76.308,11.784],[76.319,11.751],[76.34,11.739],[76.414,11.759],[76.408,11.69],[76.431,11.666],[76.457,11.664],[76.512,11.705],[76.551,11.672],[76.56,11.625],[76.614,11.608],[76.671,11.616],[76.823,11.608],[76.847,11.594],[76.835,11.64],[76.85,11.687],[76.888,11.734],[76.909,11.795],[76.97,11.777],[76.983,11.801],[77.013,11.815],[77.039,11.794],[77.083,11.74],[77.112,11.742],[77.111,11.773],[77.189,11.793],[77.239,11.795],[77.25,11.813],[77.294,11.809],[77.335,11.771],[77.369,11.787],[77.396,11.786],[77.428,11.767],[77.45,11.796],[77.465,11.875],[77.491,11.908],[77.493,11.941],[77.538,11.932],[77.561,11.942],[77.604,11.938],[77.624,11.947],[77.676,11.952],[77.696,12.016],[77.727,12.061],[77.756,12.08],[77.776,12.118],[77.747,12.156],[77.731,12.18],[77.613,12.206],[77.519,12.194],[77.472,12.21],[77.474,12.243],[77.488,12.28],[77.527,12.279],[77.566,12.306],[77.579,12.336],[77.613,12.361],[77.62,12.383],[77.627,12.458],[77.607,12.475],[77.615,12.504],[77.587,12.515],[77.579,12.573],[77.591,12.615],[77.606,12.628],[77.597,12.658],[77.599,12.667],[77.66,12.684],[77.679,12.66],[77.74,12.674],[77.761,12.697],[77.762,12.727],[77.794,12.758],[77.799,12.852],[77.837,12.87],[77.868,12.868],[77.89,12.87],[77.929,12.891],[77.939,12.873],[77.917,12.838],[77.941,12.823],[77.964,12.833],[77.99,12.822],[78.018,12.831],[78.031,12.852],[78.077,12.84],[78.09,12.817],[78.134,12.782],[78.231,12.761],[78.246,12.788],[78.252,12.861],[78.312,12.859],[78.314,12.876],[78.36,12.937],[78.389,12.907],[78.468,12.901],[78.412,12.944],[78.436,12.964],[78.467,12.975],[78.462,13.043],[78.514,13.062],[78.51,13.093],[78.533,13.11],[78.517,13.13],[78.55,13.164],[78.577,13.172],[78.568,13.202],[78.57,13.248],[78.585,13.262],[78.578,13.295],[78.554,13.283],[78.479,13.301],[78.483,13.321],[78.444,13.308],[78.44,13.328],[78.401,13.315],[78.408,13.346],[78.369,13.373],[78.382,13.397],[78.375,13.462],[78.375,13.509],[78.407,13.577],[78.384,13.592],[78.349,13.587],[78.326,13.595],[78.261,13.585],[78.244,13.597],[78.216,13.591],[78.193,13.565],[78.19,13.59],[78.204,13.628],[78.168,13.633],[78.169,13.654],[78.09,13.659],[78.086,13.692],[78.113,13.693],[78.121,13.716],[78.092,13.742],[78.126,13.788],[78.115,13.812],[78.125,13.832],[78.115,13.863],[78.083,13.863],[78.079,13.881],[78.049,13.896],[78.046,13.862],[77.992,13.869],[77.976,13.83],[77.956,13.831],[77.952,13.89],[77.984,13.897],[77.988,13.955],[77.967,13.96],[77.927,13.905],[77.896,13.926],[77.896,13.941],[77.814,13.931],[77.819,13.9],[77.837,13.87],[77.782,13.844],[77.789,13.823],[77.732,13.808],[77.703,13.77],[77.651,13.784],[77.614,13.752],[77.572,13.738],[77.541,13.756],[77.492,13.69],[77.455,13.683],[77.468,13.754],[77.457,13.79],[77.419,13.816],[77.427,13.841],[77.382,13.839],[77.362,13.854],[77.338,13.834],[77.316,13.863],[77.257,13.847],[77.248,13.901],[77.231,13.903],[77.22,13.87],[77.182,13.871],[77.191,13.912],[77.162,13.907],[77.168,13.83],[77.16,13.805],[77.179,13.782],[77.173,13.762],[77.136,13.759],[77.102,13.768],[77.065,13.744],[77.043,13.778],[77.024,13.779],[77.001,13.745],[76.978,13.826],[77.014,13.86],[77.023,13.903],[77.047,13.907],[77.042,13.933],[76.994,13.963],[77,13.989],[76.949,14.017],[76.933,14.052],[76.972,14.058],[76.973,14.084],[76.948,14.092],[76.944,14.121],[76.89,14.136],[76.895,14.168],[76.961,14.182],[77.022,14.177],[77.02,14.131],[77.032,14.056],[77.075,14.043],[77.131,14.045],[77.141,14.004],[77.171,14.012],[77.245,14.012],[77.27,14.034],[77.285,14.014],[77.311,14.033],[77.361,13.991],[77.349,13.958],[77.354,13.904],[77.421,13.899],[77.412,13.946],[77.433,13.946],[77.426,13.986],[77.38,13.99],[77.39,14.014],[77.332,14.031],[77.34,14.06],[77.361,14.063],[77.4,14.116],[77.379,14.136],[77.394,14.174],[77.421,14.177],[77.505,14.159],[77.506,14.193],[77.494,14.224],[77.503,14.257],[77.478,14.292],[77.448,14.283],[77.446,14.317],[77.412,14.337],[77.378,14.318],[77.387,14.271],[77.409,14.26],[77.419,14.21],[77.391,14.199],[77.38,14.225],[77.36,14.234],[77.357,14.277],[77.283,14.286],[77.287,14.34],[77.246,14.317],[77.197,14.321],[77.167,14.342],[77.139,14.34],[77.11,14.268],[77.115,14.223],[77.081,14.214],[77.056,14.244],[77.006,14.236],[76.986,14.247],[76.94,14.245],[76.925,14.274],[76.957,14.294],[76.946,14.313],[76.903,14.323],[76.885,14.348],[76.885,14.396],[76.916,14.421],[76.948,14.413],[76.975,14.485],[76.901,14.489],[76.868,14.474],[76.856,14.51],[76.805,14.537],[76.78,14.593],[76.765,14.602],[76.776,14.683],[76.803,14.742],[76.783,14.786],[76.837,14.791],[76.851,14.809],[76.852,14.887],[76.864,14.896],[76.867,14.97],[76.842,14.966],[76.767,14.975],[76.761,14.99],[76.79,15.021],[76.774,15.059],[76.802,15.095],[76.861,15.062],[76.878,15.035],[76.95,15.03],[76.966,15.018],[77.004,15.034],[77.05,15.033],[77.044,15.01],[77.082,15.006],[77.085,15.031],[77.113,15.034],[77.13,15.101],[77.156,15.123],[77.157,15.14],[77.169,15.171],[77.155,15.215],[77.125,15.227],[77.152,15.275],[77.118,15.295],[77.117,15.326],[77.074,15.326],[77.045,15.356],[77.047,15.39],[77.031,15.401],[77.035,15.43],[77.011,15.449],[76.975,15.511],[77.029,15.5],[77.026,15.578],[77.03,15.634],[77.083,15.659],[77.121,15.631],[77.129,15.666],[77.079,15.695],[77.08,15.727],[77.049,15.73],[77.064,15.803],[77.063,15.83],[77.025,15.838],[77.07,15.908],[77.103,15.929],[77.185,15.957],[77.349,15.951],[77.379,15.94],[77.435,15.948],[77.466,15.935],[77.513,15.927]]],[[[74.292,15.83],[74.262,15.83],[74.266,15.798],[74.312,15.793],[74.292,15.83]]]]},"properties":{"state":"Karnataka"}},
{"type":"Feature","geometry":{"type":"Polygon","coordinates":[[[74.869,12.761],[74.865,12.758],[74.916,12.642],[74.974,12.5],[75.032,12.39],[75.039,12.39],[75.097,12.262],[75.159,12.103],[75.184,12.044],[75.201,12.009],[75.229,12.023],[75.25,12.008],[75.365,11.853],[75.386,11.855],[75.436,11.805],[75.453,11.771],[75.473,11.764],[75.53,11.704],[75.544,11.705],[75.536,11.694],[75.561,11.641],[75.617,11.489],[75.684,11.446],[75.714,11.394],[75.745,11.322],[75.803,11.16],[75.826,11.124],[75.848,11.057],[75.876,10.942],[75.91,10.79],[75.956,10.685],[76.032,10.516],[76.082,10.422],[76.113,10.343],[76.136,10.261],[76.165,10.18],[76.202,10.053],[76.26,9.883],[76.277,9.789],[76.3,9.59],[76.313,9.51],[76.352,9.378],[76.463,9.135],[76.515,9.017],[76.542,8.913],[76.565,8.88],[76.61,8.859],[76.673,8.782],[76.712,8.723],[76.756,8.671],[76.896,8.496],[76.961,8.418],[76.971,8.392],[77.096,8.293],[77.119,8.321],[77.167,8.332],[77.16,8.369],[77.198,8.42],[77.214,8.47],[77.214,8.513],[77.24,8.497],[77.262,8.507],[77.284,8.547],[77.269,8.577],[77.244,8.622],[77.201,8.669],[77.207,8.681],[77.17,8.742],[77.197,8.75],[77.2,8.77],[77.23,8.785],[77.232,8.808],[77.263,8.843],[77.256,8.879],[77.238,8.886],[77.192,8.929],[77.197,8.952],[77.173,8.991],[77.149,9.01],[77.167,9.045],[77.193,9.044],[77.208,9.073],[77.212,9.1],[77.247,9.125],[77.266,9.152],[77.252,9.189],[77.28,9.216],[77.282,9.273],[77.283,9.291],[77.338,9.368],[77.339,9.42],[77.366,9.46],[77.393,9.459],[77.402,9.525],[77.385,9.519],[77.366,9.551],[77.304,9.599],[77.27,9.573],[77.237,9.581],[77.204,9.614],[77.168,9.615],[77.18,9.656],[77.207,9.694],[77.205,9.724],[77.247,9.798],[77.227,9.821],[77.236,9.86],[77.22,9.865],[77.218,9.904],[77.238,9.937],[77.273,9.964],[77.255,10.01],[77.262,10.03],[77.203,10.089],[77.201,10.106],[77.238,10.13],[77.267,10.122],[77.275,10.184],[77.288,10.232],[77.26,10.23],[77.263,10.263],[77.228,10.315],[77.235,10.351],[77.177,10.358],[77.12,10.318],[77.091,10.314],[77.056,10.287],[77.051,10.262],[76.982,10.22],[76.939,10.239],[76.913,10.235],[76.901,10.252],[76.873,10.276],[76.875,10.294],[76.83,10.304],[76.838,10.338],[76.849,10.368],[76.824,10.395],[76.816,10.424],[76.828,10.45],[76.838,10.596],[76.817,10.603],[76.831,10.638],[76.868,10.633],[76.884,10.648],[76.866,10.685],[76.902,10.758],[76.901,10.807],[76.87,10.808],[76.831,10.87],[76.78,10.891],[76.739,10.895],[76.659,10.93],[76.667,10.968],[76.686,10.989],[76.694,11.022],[76.746,11.055],[76.755,11.084],[76.739,11.104],[76.745,11.131],[76.707,11.142],[76.69,11.16],[76.731,11.216],[76.707,11.238],[76.63,11.194],[76.601,11.207],[76.534,11.197],[76.51,11.212],[76.439,11.203],[76.453,11.239],[76.522,11.271],[76.55,11.331],[76.548,11.359],[76.462,11.387],[76.371,11.455],[76.342,11.468],[76.325,11.453],[76.284,11.483],[76.248,11.469],[76.248,11.516],[76.239,11.527],[76.234,11.571],[76.274,11.594],[76.302,11.571],[76.336,11.596],[76.378,11.602],[76.388,11.63],[76.443,11.644],[76.431,11.666],[76.408,11.69],[76.414,11.759],[76.34,11.739],[76.319,11.751],[76.308,11.784],[76.281,11.811],[76.227,11.806],[76.211,11.828],[76.207,11.862],[76.158,11.87],[76.12,11.85],[76.115,11.867],[76.112,11.977],[76.07,11.967],[76.034,11.94],[76.003,11.931],[75.938,11.94],[75.859,11.959],[75.829,11.984],[75.822,12.014],[75.801,12.037],[75.786,12.084],[75.752,12.084],[75.727,12.072],[75.686,12.11],[75.661,12.1],[75.643,12.139],[75.62,12.156],[75.577,12.159],[75.534,12.203],[75.504,12.271],[75.471,12.3],[75.414,12.292],[75.428,12.304],[75.411,12.346],[75.422,12.374],[75.38,12.394],[75.367,12.413],[75.371,12.457],[75.413,12.459],[75.416,12.5],[75.382,12.501],[75.358,12.464],[75.332,12.499],[75.307,12.503],[75.28,12.526],[75.27,12.558],[75.291,12.583],[75.276,12.619],[75.237,12.57],[75.22,12.569],[75.188,12.633],[75.17,12.622],[75.144,12.64],[75.162,12.672],[75.111,12.682],[75.065,12.665],[75.043,12.672],[75.052,12.72],[75.019,12.721],[74.993,12.747],[75.003,12.792],[74.968,12.776],[74.928,12.779],[74.882,12.754],[74.869,12.761]]]},"properties":{"state":"Kerala"}},
{"type":"Feature","geometry":{"type":"Polygon","coordinates":[[[78.4,32.524],[78.428,32.563],[78.451,32.578],[78.503,32.587],[78.515,32.604],[78.566,32.615],[78.605,32.591],[78.648,32.644],[78.709,32.656],[78.741,32.691],[78.743,32.655],[78.775,32.621],[78.782,32.596],[78.759,32.568],[78.775,32.505],[78.822,32.434],[78.947,32.361],[78.971,32.336],[79.004,32.375],[79.045,32.387],[79.094,32.377],[79.135,32.432],[79.132,32.47],[79.182,32.474],[79.23,32.513],[79.26,32.523],[79.305,32.586],[79.373,32.56],[79.385,32.523],[79.429,32.524],[79.451,32.559],[79.475,32.574],[79.525,32.631],[79.537,32.66],[79.567,32.67],[79.572,32.688],[79.61,32.723],[79.588,32.766],[79.557,32.768],[79.538,32.786],[79.518,32.827],[79.465,32.88],[79.446,32.912],[79.398,32.962],[79.34,33.002],[79.38,33.028],[79.387,33.042],[79.368,33.083],[79.373,33.106],[79.423,33.165],[79.443,33.2],[79.452,33.235],[79.446,33.258],[79.356,33.282],[79.3,33.273],[79.224,33.296],[79.108,33.289],[79.016,33.328],[78.978,33.336],[78.955,33.382],[78.927,33.454],[78.927,33.487],[78.944,33.526],[78.906,33.574],[78.915,33.606],[78.94,33.618],[78.989,33.615],[79.031,33.624],[79.095,33.613],[79.078,33.686],[79.046,33.674],[79.016,33.702],[79.06,33.776],[79.013,33.783],[78.945,33.926],[78.918,33.964],[78.953,34.013],[79.001,34.034],[79.025,34.033],[79.08,34.01],[79.138,34.018],[79.148,34.055],[79.173,34.058],[79.206,34.04],[79.232,34.047],[79.283,34.028],[79.374,34.027],[79.416,33.999],[79.443,34.021],[79.415,34.042],[79.421,34.076],[79.466,34.094],[79.496,34.124],[79.494,34.185],[79.513,34.201],[79.54,34.191],[79.592,34.236],[79.597,34.278],[79.569,34.32],[79.561,34.381],[79.528,34.416],[79.522,34.464],[79.584,34.478],[79.653,34.481],[79.682,34.471],[79.791,34.467],[79.816,34.483],[79.821,34.514],[79.77,34.538],[79.794,34.581],[79.777,34.61],[79.829,34.636],[79.878,34.675],[79.922,34.673],[79.945,34.661],[79.974,34.677],[80.043,34.686],[80.069,34.701],[80.069,34.769],[80.075,34.805],[80.127,34.873],[80.171,34.965],[80.187,35.008],[80.185,35.131],[80.243,35.208],[80.251,35.248],[80.284,35.314],[80.297,35.353],[80.298,35.417],[80.345,35.461],[80.327,35.529],[80.315,35.536],[80.312,35.588],[80.269,35.615],[80.213,35.639],[80.129,35.657],[80.101,35.706],[80.078,35.726],[80.043,35.803],[80.016,35.826],[79.968,35.825],[79.938,35.81],[79.905,35.778],[79.887,35.774],[79.828,35.787],[79.751,35.797],[79.682,35.832],[79.619,35.845],[79.536,35.88],[79.44,35.894],[79.43,35.908],[79.41,35.986],[79.401,35.993],[79.252,35.985],[79.213,35.955],[79.204,35.928],[79.213,35.878],[79.165,35.838],[79.142,35.835],[79.032,35.848],[78.982,35.89],[78.925,35.868],[78.82,35.857],[78.786,35.869],[78.728,35.865],[78.673,35.854],[78.646,35.821],[78.61,35.812],[78.534,35.763],[78.513,35.772],[78.443,35.784],[78.416,35.763],[78.404,35.736],[78.338,35.719],[78.298,35.728],[78.277,35.718],[78.285,35.664],[78.256,35.646],[78.212,35.666],[78.197,35.623],[78.16,35.581],[78.165,35.552],[78.137,35.537],[78.075,35.559],[78.056,35.582],[77.991,35.585],[77.968,35.572],[77.912,35.461],[77.869,35.473],[77.829,35.505],[77.786,35.488],[77.736,35.521],[77.729,35.477],[77.673,35.466],[77.653,35.481],[77.629,35.465],[77.557,35.476],[77.496,35.478],[77.444,35.459],[77.385,35.474],[77.355,35.496],[77.332,35.53],[77.362,35.543],[77.389,35.539],[77.431,35.514],[77.473,35.518],[77.465,35.55],[77.472,35.584],[77.44,35.602],[77.438,35.656],[77.412,35.656],[77.402,35.681],[77.366,35.715],[77.344,35.721],[77.321,35.701],[77.299,35.708],[77.242,35.708],[77.213,35.733],[77.18,35.73],[77.162,35.765],[77.116,35.798],[77.045,35.777],[77.001,35.776],[76.982,35.788],[76.936,35.789],[76.887,35.813],[76.861,35.836],[76.807,35.85],[76.783,35.905],[76.732,35.955],[76.814,36.041],[76.784,36.072],[76.72,36.098],[76.711,36.14],[76.645,36.198],[76.617,36.178],[76.565,36.186],[76.549,36.202],[76.481,36.22],[76.449,36.272],[76.437,36.31],[76.354,36.369],[76.274,36.357],[76.201,36.397],[76.164,36.406],[76.112,36.46],[76.053,36.491],[76.01,36.495],[75.945,36.512],[75.891,36.533],[75.852,36.558],[75.807,36.563],[75.744,36.608],[75.663,36.722],[75.613,36.775],[75.488,36.816],[75.463,36.83],[75.45,36.889],[75.409,36.904],[75.425,36.952],[75.404,36.982],[75.369,36.975],[75.354,36.988],[75.347,37.053],[75.321,37.064],[75.211,37.05],[75.197,37.042],[75.153,36.988],[75.109,36.962],[75.055,36.974],[75.016,36.991],[74.954,36.955],[74.916,36.92],[74.835,37.005],[74.841,37.032],[74.783,37.041],[74.742,37.023],[74.716,37.054],[74.706,37.088],[74.681,37.087],[74.634,37.064],[74.589,37.059],[74.566,36.959],[74.543,36.961],[74.523,36.995],[74.451,36.998],[74.376,36.973],[74.319,36.93],[74.249,36.894],[74.221,36.903],[74.156,36.911],[74.135,36.85],[74.116,36.836],[74.089,36.842],[74.047,36.811],[74.008,36.834],[73.982,36.83],[73.907,36.884],[73.82,36.903],[73.774,36.896],[73.734,36.899],[73.703,36.912],[73.671,36.912],[73.667,36.881],[73.706,36.858],[73.706,36.838],[73.788,36.819],[73.802,36.794],[73.84,36.794],[73.883,36.745],[73.867,36.701],[73.796,36.719],[73.775,36.702],[73.71,36.712],[73.683,36.687],[73.635,36.698],[73.593,36.693],[73.579,36.722],[73.52,36.71],[73.41,36.735],[73.352,36.735],[73.345,36.715],[73.286,36.704],[73.246,36.705],[73.21,36.696],[73.163,36.708],[73.08,36.67],[73.074,36.629],[73.098,36.61],[73.052,36.533],[72.99,36.513],[72.975,36.494],[72.973,36.454],[72.946,36.466],[72.905,36.46],[72.859,36.434],[72.874,36.39],[72.809,36.351],[72.757,36.297],[72.731,36.298],[72.708,36.274],[72.662,36.258],[72.624,36.269],[72.588,36.259],[72.574,36.224],[72.547,36.205],[72.538,36.172],[72.562,36.14],[72.54,36.128],[72.521,36.098],[72.517,36.067],[72.536,36.047],[72.564,36.047],[72.585,36.025],[72.535,35.952],[72.513,35.939],[72.518,35.905],[72.556,35.898],[72.585,35.859],[72.631,35.856],[72.684,35.823],[72.723,35.852],[72.761,35.832],[72.808,35.859],[72.894,35.871],[72.898,35.841],[72.93,35.84],[72.978,35.857],[73.035,35.85],[73.084,35.877],[73.141,35.838],[73.128,35.785],[73.126,35.721],[73.138,35.707],[73.213,35.669],[73.26,35.629],[73.3,35.611],[73.363,35.597],[73.398,35.557],[73.481,35.571],[73.507,35.558],[73.537,35.563],[73.562,35.546],[73.628,35.569],[73.673,35.545],[73.721,35.549],[73.736,35.528],[73.779,35.523],[73.792,35.454],[73.727,35.419],[73.698,35.376],[73.695,35.318],[73.725,35.273],[73.708,35.222],[73.734,35.209],[73.776,35.237],[73.808,35.239],[73.866,35.206],[73.897,35.212],[73.925,35.204],[73.957,35.168],[74,35.18],[74.034,35.147],[74.074,35.153],[74.128,35.116],[74.134,35.105],[74.156,35.091],[74.215,35.094],[74.235,35.081],[74.245,35.052],[74.265,35.041],[74.305,35.068],[74.382,35.068],[74.415,35.112],[74.44,35.126],[74.499,35.116],[74.54,35.075],[74.531,35.046],[74.585,35.018],[74.571,34.976],[74.577,34.914],[74.604,34.925],[74.664,34.9],[74.684,34.879],[74.711,34.881],[74.75,34.845],[74.777,34.841],[74.808,34.85],[74.887,34.822],[74.907,34.793],[74.93,34.787],[75.016,34.848],[75.064,34.847],[75.064,34.905],[75.101,34.919],[75.142,34.875],[75.144,34.85],[75.223,34.818],[75.256,34.774],[75.251,34.75],[75.258,34.698],[75.232,34.691],[75.208,34.665],[75.206,34.644],[75.242,34.638],[75.264,34.603],[75.301,34.586],[75.32,34.565],[75.344,34.563],[75.366,34.524],[75.343,34.49],[75.353,34.469],[75.329,34.437],[75.373,34.411],[75.367,34.391],[75.383,34.367],[75.376,34.342],[75.396,34.317],[75.403,34.285],[75.47,34.279],[75.495,34.232],[75.523,34.229],[75.593,34.198],[75.65,34.211],[75.691,34.195],[75.679,34.155],[75.687,34.116],[75.719,34.103],[75.768,34.043],[75.814,34.015],[75.83,33.992],[75.822,33.966],[75.845,33.954],[75.909,33.969],[75.966,33.954],[75.978,33.972],[76.027,33.972],[76.043,33.952],[76.047,33.913],[76.092,33.902],[76.137,33.879],[76.163,33.821],[76.218,33.759],[76.265,33.746],[76.266,33.679],[76.285,33.662],[76.27,33.643],[76.23,33.631],[76.226,33.547],[76.26,33.565],[76.303,33.568],[76.3,33.601],[76.336,33.611],[76.359,33.603],[76.384,33.552],[76.425,33.537],[76.458,33.537],[76.507,33.51],[76.55,33.464],[76.569,33.465],[76.582,33.426],[76.614,33.439],[76.651,33.383],[76.671,33.342],[76.718,33.329],[76.732,33.299],[76.737,33.261],[76.771,33.249],[76.799,33.256],[76.834,33.205],[76.818,33.195],[76.817,33.16],[76.844,33.138],[76.855,33.114],[76.885,33.121],[76.906,33.078],[76.941,33.028],[76.972,33],[77.009,32.989],[77.047,32.999],[77.095,32.971],[77.116,32.985],[77.151,32.978],[77.149,32.956],[77.169,32.91],[77.203,32.906],[77.274,32.874],[77.304,32.85],[77.32,32.852],[77.339,32.817],[77.373,32.823],[77.397,32.878],[77.445,32.88],[77.469,32.859],[77.501,32.886],[77.538,32.886],[77.603,32.943],[77.633,32.945],[77.713,32.982],[77.811,32.907],[77.784,32.883],[77.791,32.856],[77.839,32.842],[77.877,32.82],[77.884,32.788],[77.934,32.76],[77.934,32.726],[77.919,32.691],[77.946,32.662],[77.972,32.654],[77.992,32.631],[78.018,32.62],[78.047,32.645],[78.06,32.627],[78.099,32.63],[78.11,32.663],[78.147,32.654],[78.158,32.684],[78.219,32.665],[78.246,32.672],[78.261,32.703],[78.294,32.701],[78.306,32.733],[78.357,32.758],[78.386,32.75],[78.386,32.719],[78.401,32.695],[78.382,32.654],[78.392,32.633],[78.379,32.599],[78.314,32.566],[78.306,32.511],[78.285,32.469],[78.311,32.446],[78.349,32.464],[78.365,32.499],[78.4,32.524]]]},"properties":{"state":"Ladakh"}},
{"type":"Feature","geometry":{"type":"Polygon","coordinates":[[[82.813,23.96],[82.804,24.003],[82.751,24.012],[82.774,24.075],[82.711,24.081],[82.705,24.098],[82.664,24.129],[82.683,24.155],[82.728,24.135],[82.744,24.165],[82.736,24.223],[82.759,24.236],[82.756,24.261],[82.773,24.308],[82.76,24.377],[82.726,24.368],[82.713,24.381],[82.733,24.437],[82.743,24.498],[82.721,24.514],[82.721,24.546],[82.752,24.538],[82.808,24.549],[82.803,24.597],[82.782,24.595],[82.774,24.642],[82.698,24.646],[82.701,24.676],[82.671,24.697],[82.54,24.648],[82.523,24.676],[82.457,24.673],[82.428,24.702],[82.407,24.683],[82.418,24.642],[82.402,24.591],[82.362,24.599],[82.33,24.618],[82.299,24.605],[82.303,24.656],[82.286,24.675],[82.264,24.666],[82.23,24.681],[82.251,24.711],[82.243,24.745],[82.215,24.754],[82.187,24.794],[82.167,24.786],[82.107,24.805],[82.098,24.816],[82.011,24.847],[81.959,24.837],[81.943,24.844],[81.934,24.87],[81.908,24.881],[81.92,24.928],[81.908,24.98],[81.891,24.996],[81.835,25.017],[81.792,25.004],[81.781,25.019],[81.724,25.05],[81.708,25.035],[81.669,25.071],[81.643,25.058],[81.611,25.057],[81.615,25.106],[81.598,25.132],[81.626,25.145],[81.594,25.182],[81.57,25.192],[81.54,25.186],[81.527,25.138],[81.5,25.149],[81.484,25.116],[81.502,25.096],[81.471,25.079],[81.445,25.106],[81.438,25.131],[81.385,25.132],[81.357,25.163],[81.336,25.169],[81.292,25.162],[81.266,25.14],[81.26,25.075],[81.269,25.067],[81.224,24.999],[81.215,24.933],[81.172,24.957],[81.16,24.914],[81.123,24.9],[81.087,24.933],[81.09,24.945],[81.034,24.953],[81.013,24.928],[80.964,24.929],[80.946,24.966],[80.83,24.918],[80.806,24.944],[80.812,24.97],[80.852,24.988],[80.835,25.024],[80.848,25.045],[80.878,25.065],[80.869,25.117],[80.904,25.159],[80.882,25.182],[80.842,25.185],[80.829,25.106],[80.815,25.132],[80.777,25.137],[80.745,25.129],[80.723,25.095],[80.753,25.092],[80.784,25.076],[80.766,25.053],[80.719,25.064],[80.61,25.096],[80.633,25.13],[80.601,25.15],[80.592,25.09],[80.545,25.065],[80.52,25.04],[80.546,25.032],[80.531,25.001],[80.498,25.006],[80.474,24.976],[80.457,24.981],[80.449,25.041],[80.467,25.065],[80.449,25.079],[80.408,25.057],[80.393,25.064],[80.377,25.02],[80.348,25.018],[80.331,24.992],[80.274,25.026],[80.291,25.06],[80.311,25.044],[80.346,25.065],[80.351,25.09],[80.376,25.115],[80.355,25.127],[80.357,25.142],[80.432,25.178],[80.408,25.218],[80.348,25.278],[80.311,25.286],[80.322,25.335],[80.316,25.386],[80.3,25.407],[80.264,25.424],[80.253,25.401],[80.196,25.402],[80.197,25.381],[80.169,25.377],[80.131,25.334],[80.104,25.351],[80.073,25.337],[80.034,25.342],[80.019,25.322],[80.022,25.298],[79.981,25.262],[79.948,25.269],[79.937,25.248],[79.893,25.242],[79.877,25.251],[79.851,25.227],[79.87,25.172],[79.866,25.141],[79.826,25.107],[79.747,25.139],[79.671,25.123],[79.6,25.144],[79.561,25.17],[79.492,25.08],[79.465,25.088],[79.474,25.121],[79.439,25.127],[79.406,25.106],[79.384,25.143],[79.39,25.17],[79.447,25.245],[79.409,25.256],[79.408,25.274],[79.369,25.292],[79.342,25.329],[79.3,25.338],[79.279,25.324],[79.263,25.273],[79.274,25.261],[79.296,25.282],[79.31,25.26],[79.35,25.264],[79.339,25.199],[79.302,25.238],[79.279,25.245],[79.292,25.184],[79.304,25.178],[79.323,25.15],[79.283,25.118],[79.249,25.14],[79.24,25.113],[79.221,25.114],[79.191,25.145],[79.173,25.108],[79.144,25.115],[79.116,25.14],[79.126,25.161],[79.095,25.176],[79.071,25.168],[79.051,25.134],[79.029,25.141],[79.045,25.202],[79.064,25.222],[79.022,25.241],[79.014,25.274],[78.994,25.273],[78.975,25.237],[79.003,25.228],[79.006,25.195],[78.97,25.216],[78.934,25.212],[78.884,25.159],[78.872,25.188],[78.92,25.274],[78.938,25.26],[78.964,25.299],[78.957,25.325],[78.931,25.325],[78.884,25.344],[78.863,25.314],[78.866,25.28],[78.852,25.23],[78.788,25.3],[78.819,25.307],[78.841,25.345],[78.88,25.386],[78.901,25.362],[78.939,25.347],[78.959,25.372],[78.971,25.408],[78.958,25.44],[78.933,25.43],[78.944,25.483],[78.921,25.514],[78.953,25.538],[78.939,25.557],[78.916,25.546],[78.884,25.554],[78.884,25.516],[78.842,25.513],[78.866,25.466],[78.835,25.455],[78.797,25.483],[78.773,25.476],[78.736,25.494],[78.732,25.458],[78.771,25.423],[78.752,25.413],[78.775,25.353],[78.724,25.344],[78.695,25.374],[78.659,25.385],[78.711,25.428],[78.66,25.442],[78.645,25.413],[78.601,25.409],[78.578,25.381],[78.584,25.347],[78.549,25.357],[78.531,25.3],[78.477,25.289],[78.455,25.301],[78.45,25.263],[78.504,25.29],[78.511,25.277],[78.578,25.254],[78.556,25.211],[78.571,25.205],[78.603,25.147],[78.602,25.095],[78.64,25.071],[78.653,25.05],[78.636,24.959],[78.663,24.938],[78.677,24.899],[78.71,24.88],[78.753,24.869],[78.775,24.85],[78.79,24.81],[78.774,24.795],[78.77,24.758],[78.781,24.707],[78.747,24.662],[78.757,24.599],[78.784,24.589],[78.835,24.605],[78.883,24.641],[78.914,24.585],[78.935,24.561],[78.949,24.501],[78.915,24.458],[78.947,24.437],[78.986,24.441],[78.991,24.417],[78.963,24.344],[78.941,24.315],[78.91,24.296],[78.916,24.268],[78.884,24.25],[78.877,24.214],[78.847,24.214],[78.812,24.181],[78.789,24.177],[78.765,24.23],[78.741,24.247],[78.703,24.227],[78.669,24.24],[78.659,24.268],[78.628,24.304],[78.603,24.315],[78.596,24.335],[78.502,24.39],[78.474,24.356],[78.478,24.339],[78.438,24.312],[78.44,24.297],[78.395,24.269],[78.347,24.3],[78.33,24.326],[78.357,24.367],[78.339,24.404],[78.324,24.408],[78.266,24.451],[78.271,24.477],[78.227,24.534],[78.264,24.552],[78.277,24.618],[78.264,24.651],[78.277,24.662],[78.258,24.703],[78.226,24.753],[78.236,24.772],[78.193,24.843],[78.174,24.846],[78.174,24.879],[78.211,24.895],[78.222,24.914],[78.298,24.967],[78.345,25.011],[78.335,25.069],[78.337,25.085],[78.376,25.099],[78.402,25.127],[78.447,25.122],[78.427,25.146],[78.417,25.184],[78.393,25.203],[78.372,25.259],[78.339,25.292],[78.328,25.353],[78.301,25.362],[78.341,25.401],[78.341,25.416],[78.339,25.431],[78.358,25.452],[78.395,25.444],[78.418,25.476],[78.419,25.531],[78.444,25.563],[78.467,25.559],[78.493,25.579],[78.556,25.559],[78.59,25.557],[78.598,25.571],[78.66,25.561],[78.679,25.585],[78.73,25.606],[78.741,25.597],[78.81,25.619],[78.817,25.676],[78.756,25.729],[78.807,25.799],[78.818,25.829],[78.873,25.808],[78.873,25.835],[78.851,25.853],[78.887,25.868],[78.884,25.908],[78.937,25.953],[78.952,25.988],[78.948,26.026],[79.003,26.067],[79.001,26.091],[78.952,26.129],[79.005,26.168],[78.983,26.184],[79.027,26.203],[79.065,26.23],[79.054,26.263],[79.084,26.28],[79.102,26.307],[79.135,26.325],[79.12,26.348],[79.084,26.358],[79.097,26.381],[79.091,26.405],[79.124,26.412],[79.135,26.44],[79.1,26.453],[79.069,26.442],[79.06,26.465],[79.068,26.497],[79.019,26.541],[78.987,26.593],[79.017,26.601],[78.994,26.644],[79.004,26.674],[78.974,26.673],[78.956,26.692],[78.906,26.706],[78.872,26.698],[78.812,26.763],[78.777,26.758],[78.758,26.785],[78.736,26.775],[78.724,26.797],[78.685,26.789],[78.663,26.762],[78.63,26.773],[78.613,26.752],[78.573,26.751],[78.546,26.764],[78.522,26.781],[78.463,26.788],[78.435,26.825],[78.4,26.818],[78.373,26.863],[78.358,26.87],[78.304,26.862],[78.278,26.851],[78.272,26.816],[78.222,26.83],[78.18,26.826],[78.156,26.784],[78.117,26.796],[78.093,26.72],[78.095,26.679],[78.001,26.695],[77.953,26.659],[77.9,26.656],[77.898,26.623],[77.856,26.613],[77.827,26.596],[77.836,26.578],[77.824,26.551],[77.784,26.552],[77.745,26.538],[77.738,26.514],[77.713,26.498],[77.674,26.503],[77.636,26.481],[77.615,26.454],[77.562,26.437],[77.525,26.407],[77.484,26.41],[77.439,26.404],[77.449,26.368],[77.39,26.357],[77.376,26.366],[77.321,26.333],[77.317,26.312],[77.271,26.268],[77.204,26.23],[77.18,26.238],[77.135,26.233],[77.115,26.218],[77.096,26.183],[77.029,26.171],[76.998,26.129],[76.949,26.103],[76.899,26.091],[76.884,26.047],[76.851,26.032],[76.807,25.99],[76.807,25.965],[76.753,25.917],[76.707,25.901],[76.668,25.911],[76.629,25.895],[76.624,25.872],[76.582,25.87],[76.566,25.848],[76.535,25.819],[76.516,25.778],[76.522,25.729],[76.502,25.73],[76.472,25.707],[76.481,25.683],[76.503,25.675],[76.498,25.642],[76.512,25.607],[76.503,25.583],[76.52,25.547],[76.516,25.528],[76.555,25.483],[76.555,25.453],[76.572,25.438],[76.623,25.377],[76.64,25.384],[76.668,25.35],[76.711,25.346],[76.756,25.323],[76.78,25.316],[76.857,25.333],[76.902,25.324],[76.958,25.284],[76.974,25.3],[77.032,25.294],[77.046,25.321],[77.083,25.336],[77.125,25.33],[77.165,25.308],[77.209,25.306],[77.227,25.331],[77.228,25.367],[77.307,25.43],[77.35,25.416],[77.362,25.357],[77.35,25.33],[77.378,25.316],[77.37,25.247],[77.415,25.22],[77.392,25.123],[77.357,25.094],[77.31,25.081],[77.272,25.112],[77.237,25.107],[77.174,25.112],[77.167,25.085],[77.136,25.087],[77.123,25.067],[77.085,25.054],[77.008,25.074],[76.966,25.052],[76.876,25.041],[76.862,24.96],[76.922,24.912],[76.913,24.89],[76.949,24.869],[76.925,24.847],[76.883,24.836],[76.831,24.837],[76.804,24.807],[76.848,24.768],[76.856,24.742],[76.888,24.747],[76.909,24.732],[76.944,24.758],[76.996,24.733],[77.002,24.716],[77.032,24.711],[77.064,24.647],[77.071,24.573],[77.055,24.526],[77.03,24.519],[77.029,24.496],[77.003,24.473],[76.962,24.462],[76.917,24.483],[76.921,24.529],[76.902,24.546],[76.884,24.521],[76.864,24.549],[76.816,24.534],[76.853,24.467],[76.845,24.436],[76.851,24.371],[76.832,24.358],[76.863,24.273],[76.946,24.206],[76.916,24.188],[76.901,24.127],[76.879,24.131],[76.855,24.136],[76.802,24.117],[76.758,24.168],[76.698,24.168],[76.676,24.191],[76.703,24.246],[76.687,24.279],[76.665,24.262],[76.643,24.269],[76.618,24.259],[76.611,24.239],[76.571,24.209],[76.562,24.173],[76.515,24.163],[76.502,24.205],[76.451,24.209],[76.43,24.221],[76.402,24.215],[76.34,24.244],[76.287,24.228],[76.285,24.21],[76.238,24.219],[76.213,24.21],[76.202,24.268],[76.204,24.298],[76.19,24.323],[76.142,24.282],[76.146,24.224],[76.118,24.195],[76.114,24.163],[76.131,24.115],[76.127,24.089],[76.041,24.065],[76.021,24.034],[75.996,24.018],[75.963,24.019],[75.984,23.975],[75.988,23.942],[75.956,23.921],[75.938,23.897],[75.845,23.884],[75.819,23.868],[75.765,23.876],[75.735,23.898],[75.702,23.873],[75.728,23.859],[75.718,23.812],[75.687,23.756],[75.656,23.796],[75.56,23.817],[75.563,23.858],[75.499,23.9],[75.46,23.919],[75.469,23.974],[75.522,24.025],[75.588,23.991],[75.63,23.995],[75.674,24.018],[75.707,23.966],[75.765,23.993],[75.783,24.043],[75.837,24.057],[75.836,24.092],[75.793,24.092],[75.764,24.121],[75.751,24.143],[75.774,24.181],[75.779,24.21],[75.807,24.218],[75.818,24.239],[75.813,24.285],[75.802,24.302],[75.766,24.298],[75.743,24.34],[75.728,24.396],[75.755,24.408],[75.752,24.428],[75.786,24.453],[75.839,24.414],[75.9,24.442],[75.918,24.541],[75.906,24.576],[75.878,24.583],[75.871,24.607],[75.837,24.621],[75.848,24.663],[75.829,24.676],[75.838,24.718],[75.803,24.756],[75.785,24.762],[75.757,24.762],[75.683,24.725],[75.646,24.685],[75.609,24.682],[75.578,24.713],[75.548,24.703],[75.533,24.712],[75.489,24.687],[75.455,24.68],[75.371,24.692],[75.349,24.701],[75.228,24.718],[75.197,24.743],[75.193,24.774],[75.219,24.805],[75.25,24.81],[75.242,24.846],[75.289,24.834],[75.298,24.807],[75.317,24.804],[75.345,24.822],[75.404,24.845],[75.426,24.869],[75.419,24.886],[75.374,24.868],[75.327,24.875],[75.318,24.861],[75.263,24.875],[75.264,24.895],[75.294,24.908],[75.315,24.896],[75.337,24.955],[75.313,24.98],[75.317,25.006],[75.35,25.018],[75.332,25.042],[75.24,25.035],[75.201,25.038],[75.192,25.038],[75.155,25.034],[75.164,25.017],[75.152,24.989],[75.114,24.967],[75.119,24.882],[75.077,24.881],[75.048,24.85],[74.985,24.853],[74.923,24.879],[74.916,24.907],[74.859,24.962],[74.833,24.96],[74.825,24.9],[74.858,24.84],[74.861,24.798],[74.907,24.782],[74.982,24.764],[75.006,24.772],[75.016,24.732],[74.992,24.732],[74.992,24.693],[74.939,24.638],[74.888,24.634],[74.836,24.707],[74.804,24.734],[74.774,24.666],[74.814,24.65],[74.779,24.615],[74.786,24.586],[74.744,24.571],[74.754,24.554],[74.745,24.513],[74.725,24.513],[74.709,24.486],[74.728,24.489],[74.75,24.467],[74.815,24.468],[74.83,24.435],[74.855,24.424],[74.811,24.383],[74.781,24.338],[74.781,24.289],[74.749,24.258],[74.769,24.239],[74.868,24.243],[74.91,24.21],[74.882,24.17],[74.895,24.16],[74.904,24.109],[74.939,24.054],[74.982,24.025],[74.963,24.002],[74.956,23.968],[74.929,23.955],[74.91,23.906],[74.904,23.853],[74.904,23.794],[74.924,23.797],[74.94,23.764],[74.909,23.688],[74.937,23.629],[74.882,23.606],[74.854,23.571],[74.803,23.533],[74.771,23.542],[74.762,23.521],[74.732,23.499],[74.703,23.505],[74.652,23.462],[74.613,23.462],[74.594,23.424],[74.572,23.421],[74.569,23.376],[74.542,23.365],[74.53,23.321],[74.544,23.28],[74.568,23.295],[74.609,23.282],[74.627,23.259],[74.648,23.256],[74.678,23.272],[74.713,23.251],[74.716,23.219],[74.734,23.221],[74.741,23.226],[74.742,23.209],[74.715,23.191],[74.672,23.2],[74.649,23.175],[74.596,23.138],[74.542,23.13],[74.546,23.11],[74.506,23.085],[74.464,23.082],[74.432,23.105],[74.383,23.111],[74.356,23.08],[74.319,23.059],[74.34,23.033],[74.364,22.982],[74.339,22.953],[74.378,22.907],[74.402,22.898],[74.418,22.917],[74.447,22.921],[74.464,22.898],[74.476,22.855],[74.465,22.816],[74.434,22.807],[74.436,22.783],[74.402,22.731],[74.395,22.686],[74.379,22.634],[74.263,22.643],[74.232,22.612],[74.21,22.564],[74.152,22.53],[74.134,22.52],[74.113,22.539],[74.095,22.54],[74.061,22.55],[74.043,22.544],[74.038,22.514],[74.083,22.507],[74.086,22.47],[74.119,22.419],[74.147,22.454],[74.16,22.431],[74.184,22.442],[74.253,22.433],[74.271,22.413],[74.243,22.376],[74.224,22.38],[74.191,22.341],[74.19,22.32],[74.128,22.333],[74.112,22.367],[74.068,22.36],[74.072,22.336],[74.054,22.304],[74.074,22.266],[74.072,22.219],[74.106,22.22],[74.117,22.207],[74.13,22.149],[74.128,22.095],[74.153,22.106],[74.17,22.092],[74.16,22.059],[74.136,22.053],[74.1,22],[74.15,21.987],[74.147,21.953],[74.194,21.926],[74.281,21.933],[74.309,21.973],[74.341,21.974],[74.393,22.022],[74.432,22.03],[74.443,22.012],[74.438,21.982],[74.453,21.962],[74.489,21.956],[74.509,21.921],[74.514,21.89],[74.51,21.829],[74.498,21.789],[74.514,21.765],[74.514,21.719],[74.547,21.72],[74.554,21.681],[74.582,21.665],[74.664,21.653],[74.687,21.632],[74.769,21.616],[74.832,21.618],[74.869,21.631],[74.902,21.629],[74.91,21.615],[74.979,21.595],[75.015,21.575],[75.054,21.564],[75.087,21.518],[75.107,21.463],[75.126,21.449],[75.18,21.431],[75.207,21.413],[75.249,21.403],[75.301,21.41],[75.316,21.388],[75.367,21.396],[75.382,21.38],[75.427,21.391],[75.521,21.387],[75.537,21.373],[75.579,21.376],[75.615,21.389],[75.624,21.375],[75.67,21.375],[75.703,21.388],[75.755,21.38],[75.777,21.385],[75.863,21.38],[75.875,21.393],[75.911,21.383],[75.963,21.39],[75.987,21.369],[76.03,21.365],[76.049,21.35],[76.097,21.372],[76.121,21.323],[76.13,21.287],[76.157,21.26],[76.142,21.228],[76.166,21.222],[76.166,21.17],[76.12,21.172],[76.152,21.11],[76.192,21.087],[76.273,21.089],[76.3,21.074],[76.375,21.073],[76.385,21.082],[76.438,21.1],[76.479,21.147],[76.493,21.194],[76.53,21.182],[76.561,21.199],[76.623,21.185],[76.642,21.237],[76.662,21.241],[76.663,21.281],[76.622,21.332],[76.683,21.378],[76.74,21.411],[76.744,21.44],[76.781,21.459],[76.796,21.49],[76.764,21.521],[76.788,21.535],[76.782,21.559],[76.801,21.595],[76.827,21.588],[76.855,21.613],[76.897,21.596],[77.002,21.676],[77.006,21.679],[77.023,21.688],[77.04,21.697],[77.067,21.713],[77.13,21.722],[77.21,21.69],[77.227,21.717],[77.262,21.712],[77.291,21.732],[77.28,21.758],[77.324,21.753],[77.406,21.753],[77.456,21.76],[77.503,21.746],[77.542,21.706],[77.561,21.666],[77.581,21.554],[77.575,21.526],[77.508,21.551],[77.455,21.554],[77.423,21.533],[77.443,21.487],[77.442,21.47],[77.474,21.454],[77.492,21.374],[77.515,21.376],[77.536,21.418],[77.563,21.393],[77.563,21.369],[77.606,21.363],[77.603,21.39],[77.705,21.377],[77.737,21.362],[77.747,21.38],[77.797,21.389],[77.823,21.407],[77.857,21.389],[77.907,21.378],[77.943,21.397],[77.981,21.402],[78.081,21.445],[78.176,21.5],[78.182,21.557],[78.223,21.553],[78.303,21.584],[78.32,21.572],[78.342,21.588],[78.355,21.573],[78.382,21.592],[78.388,21.615],[78.417,21.601],[78.436,21.5],[78.487,21.506],[78.505,21.527],[78.541,21.524],[78.586,21.487],[78.687,21.482],[78.728,21.462],[78.751,21.493],[78.78,21.479],[78.805,21.49],[78.856,21.493],[78.891,21.485],[78.899,21.5],[78.937,21.486],[78.943,21.517],[78.91,21.553],[78.917,21.591],[78.945,21.593],[78.973,21.612],[78.999,21.617],[79.012,21.599],[79.042,21.605],[79.103,21.601],[79.101,21.618],[79.143,21.637],[79.148,21.661],[79.224,21.649],[79.221,21.694],[79.231,21.719],[79.268,21.715],[79.291,21.692],[79.352,21.679],[79.401,21.677],[79.416,21.691],[79.461,21.688],[79.496,21.674],[79.51,21.595],[79.543,21.567],[79.54,21.543],[79.578,21.541],[79.617,21.557],[79.653,21.556],[79.661,21.577],[79.691,21.582],[79.733,21.603],[79.79,21.587],[79.831,21.547],[79.863,21.531],[79.918,21.524],[79.938,21.556],[79.971,21.558],[80,21.534],[80.031,21.556],[80.072,21.557],[80.129,21.611],[80.155,21.606],[80.192,21.635],[80.22,21.622],[80.253,21.625],[80.272,21.613],[80.297,21.577],[80.318,21.577],[80.331,21.548],[80.378,21.521],[80.385,21.489],[80.418,21.448],[80.396,21.405],[80.413,21.376],[80.446,21.371],[80.471,21.396],[80.519,21.393],[80.621,21.32],[80.66,21.334],[80.671,21.338],[80.707,21.416],[80.707,21.433],[80.735,21.461],[80.731,21.52],[80.741,21.539],[80.717,21.602],[80.732,21.626],[80.719,21.646],[80.735,21.704],[80.734,21.729],[80.756,21.762],[80.803,21.744],[80.839,21.8],[80.845,21.832],[80.843,21.882],[80.834,21.907],[80.876,22.011],[80.876,22.039],[80.897,22.064],[80.908,22.11],[80.95,22.117],[80.971,22.084],[80.969,22.059],[80.995,22.051],[81.011,22.095],[80.981,22.124],[81.022,22.133],[81.029,22.192],[81.023,22.229],[81.045,22.24],[81.09,22.247],[81.118,22.29],[81.121,22.341],[81.106,22.387],[81.11,22.436],[81.156,22.456],[81.172,22.487],[81.196,22.491],[81.208,22.457],[81.232,22.452],[81.262,22.472],[81.281,22.503],[81.307,22.482],[81.317,22.515],[81.338,22.52],[81.382,22.51],[81.396,22.44],[81.423,22.448],[81.428,22.48],[81.478,22.492],[81.496,22.519],[81.567,22.55],[81.605,22.535],[81.624,22.556],[81.66,22.57],[81.646,22.593],[81.683,22.647],[81.713,22.648],[81.726,22.674],[81.728,22.675],[81.76,22.65],[81.773,22.669],[81.755,22.734],[81.794,22.766],[81.767,22.834],[81.776,22.874],[81.862,22.889],[81.919,22.947],[81.946,22.957],[81.95,22.983],[81.922,23.041],[81.93,23.062],[81.969,23.081],[82.036,23.081],[82.073,23.118],[82.122,23.104],[82.141,23.133],[82.144,23.195],[82.153,23.23],[82.174,23.269],[82.193,23.277],[82.199,23.312],[82.168,23.333],[82.146,23.361],[82.119,23.354],[82.102,23.398],[82.057,23.377],[82.021,23.389],[82.032,23.411],[81.985,23.416],[81.976,23.452],[81.954,23.472],[81.948,23.501],[81.923,23.533],[81.881,23.515],[81.821,23.515],[81.81,23.549],[81.758,23.55],[81.736,23.566],[81.699,23.522],[81.668,23.533],[81.653,23.498],[81.637,23.49],[81.612,23.511],[81.61,23.556],[81.584,23.554],[81.577,23.585],[81.611,23.602],[81.62,23.651],[81.655,23.663],[81.657,23.683],[81.684,23.691],[81.696,23.721],[81.676,23.757],[81.644,23.773],[81.651,23.799],[81.634,23.836],[81.603,23.854],[81.604,23.885],[81.61,23.904],[81.659,23.918],[81.688,23.906],[81.69,23.885],[81.732,23.857],[81.725,23.845],[81.772,23.817],[81.823,23.808],[81.905,23.845],[81.921,23.871],[81.956,23.853],[82.009,23.861],[82.044,23.842],[82.054,23.818],[82.178,23.821],[82.212,23.852],[82.208,23.826],[82.238,23.806],[82.262,23.821],[82.305,23.807],[82.393,23.8],[82.471,23.811],[82.497,23.785],[82.525,23.784],[82.554,23.826],[82.591,23.822],[82.631,23.839],[82.668,23.872],[82.662,23.908],[82.693,23.919],[82.752,23.92],[82.813,23.96]],[[75.216,24.889],[75.249,24.867],[75.223,24.844],[75.201,24.868],[75.216,24.889]]]},"properties":{"state":"Madhya Pradesh"}},
{"type":"Feature","geometry":{"type":"Polygon","coordinates":[[[80.66,21.334],[80.621,21.32],[80.519,21.393],[80.471,21.396],[80.446,21.371],[80.413,21.376],[80.396,21.405],[80.418,21.448],[80.385,21.489],[80.378,21.521],[80.331,21.548],[80.318,21.577],[80.297,21.577],[80.272,21.613],[80.253,21.625],[80.22,21.622],[80.192,21.635],[80.155,21.606],[80.129,21.611],[80.072,21.557],[80.031,21.556],[80,21.534],[79.971,21.558],[79.938,21.556],[79.918,21.524],[79.863,21.531],[79.831,21.547],[79.79,21.587],[79.733,21.603],[79.691,21.582],[79.661,21.577],[79.653,21.556],[79.617,21.557],[79.578,21.541],[79.54,21.543],[79.543,21.567],[79.51,21.595],[79.496,21.674],[79.461,21.688],[79.416,21.691],[79.401,21.677],[79.352,21.679],[79.291,21.692],[79.268,21.715],[79.231,21.719],[79.221,21.694],[79.224,21.649],[79.148,21.661],[79.143,21.637],[79.101,21.618],[79.103,21.601],[79.042,21.605],[79.012,21.599],[78.999,21.617],[78.973,21.612],[78.945,21.593],[78.917,21.591],[78.91,21.553],[78.943,21.517],[78.937,21.486],[78.899,21.5],[78.891,21.485],[78.856,21.493],[78.805,21.49],[78.78,21.479],[78.751,21.493],[78.728,21.462],[78.687,21.482],[78.586,21.487],[78.541,21.524],[78.505,21.527],[78.487,21.506],[78.436,21.5],[78.417,21.601],[78.388,21.615],[78.382,21.592],[78.355,21.573],[78.342,21.588],[78.32,21.572],[78.303,21.584],[78.223,21.553],[78.182,21.557],[78.176,21.5],[78.081,21.445],[77.981,21.402],[77.943,21.397],[77.907,21.378],[77.857,21.389],[77.823,21.407],[77.797,21.389],[77.747,21.38],[77.737,21.362],[77.705,21.377],[77.603,21.39],[77.606,21.363],[77.563,21.369],[77.563,21.393],[77.536,21.418],[77.515,21.376],[77.492,21.374],[77.474,21.454],[77.442,21.47],[77.443,21.487],[77.423,21.533],[77.455,21.554],[77.508,21.551],[77.575,21.526],[77.581,21.554],[77.561,21.666],[77.542,21.706],[77.503,21.746],[77.456,21.76],[77.406,21.753],[77.324,21.753],[77.28,21.758],[77.291,21.732],[77.262,21.712],[77.227,21.717],[77.21,21.69],[77.13,21.722],[77.067,21.713],[77.04,21.697],[77.023,21.688],[77.006,21.679],[77.002,21.676],[76.897,21.596],[76.855,21.613],[76.827,21.588],[76.801,21.595],[76.782,21.559],[76.788,21.535],[76.764,21.521],[76.796,21.49],[76.781,21.459],[76.744,21.44],[76.74,21.411],[76.683,21.378],[76.622,21.332],[76.663,21.281],[76.662,21.241],[76.642,21.237],[76.623,21.185],[76.561,21.199],[76.53,21.182],[76.493,21.194],[76.479,21.147],[76.438,21.1],[76.385,21.082],[76.375,21.073],[76.3,21.074],[76.273,21.089],[76.192,21.087],[76.152,21.11],[76.12,21.172],[76.166,21.17],[76.166,21.222],[76.142,21.228],[76.157,21.26],[76.13,21.287],[76.121,21.323],[76.097,21.372],[76.049,21.35],[76.03,21.365],[75.987,21.369],[75.963,21.39],[75.911,21.383],[75.875,21.393],[75.863,21.38],[75.777,21.385],[75.755,21.38],[75.703,21.388],[75.67,21.375],[75.624,21.375],[75.615,21.389],[75.579,21.376],[75.537,21.373],[75.521,21.387],[75.427,21.391],[75.382,21.38],[75.367,21.396],[75.316,21.388],[75.301,21.41],[75.249,21.403],[75.207,21.413],[75.18,21.431],[75.126,21.449],[75.107,21.463],[75.087,21.518],[75.054,21.564],[75.015,21.575],[74.979,21.595],[74.91,21.615],[74.902,21.629],[74.869,21.631],[74.832,21.618],[74.769,21.616],[74.687,21.632],[74.664,21.653],[74.582,21.665],[74.554,21.681],[74.547,21.72],[74.514,21.719],[74.514,21.765],[74.498,21.789],[74.51,21.829],[74.514,21.89],[74.509,21.921],[74.489,21.956],[74.453,21.962],[74.438,21.982],[74.443,22.012],[74.432,22.03],[74.393,22.022],[74.341,21.974],[74.309,21.973],[74.281,21.933],[74.194,21.926],[74.147,21.953],[74.048,21.925],[73.941,21.871],[73.874,21.843],[73.807,21.836],[73.834,21.772],[73.825,21.76],[73.868,21.718],[73.881,21.716],[73.895,21.676],[73.885,21.654],[73.839,21.633],[73.822,21.643],[73.788,21.634],[73.812,21.603],[73.835,21.52],[73.854,21.497],[73.929,21.524],[73.982,21.523],[74.02,21.55],[74.082,21.549],[74.11,21.556],[74.138,21.55],[74.176,21.569],[74.184,21.543],[74.208,21.537],[74.263,21.54],[74.277,21.56],[74.331,21.552],[74.321,21.498],[74.256,21.477],[74.214,21.482],[74.182,21.469],[74.095,21.456],[74.061,21.462],[74.045,21.419],[74.008,21.423],[73.952,21.395],[73.943,21.3],[73.88,21.266],[73.849,21.275],[73.823,21.265],[73.812,21.231],[73.826,21.2],[73.816,21.174],[73.785,21.184],[73.772,21.165],[73.73,21.165],[73.643,21.14],[73.599,21.157],[73.618,21.118],[73.652,21.108],[73.705,21.108],[73.733,21.098],[73.737,21.08],[73.764,21.069],[73.794,21.071],[73.796,21.045],[73.819,21.022],[73.839,21.008],[73.851,20.998],[73.901,20.982],[73.888,20.934],[73.918,20.908],[73.924,20.851],[73.94,20.839],[73.932,20.809],[73.932,20.761],[73.943,20.742],[73.918,20.725],[73.875,20.73],[73.863,20.703],[73.812,20.692],[73.831,20.675],[73.837,20.621],[73.8,20.601],[73.775,20.6],[73.762,20.575],[73.715,20.576],[73.661,20.562],[73.627,20.585],[73.615,20.624],[73.533,20.673],[73.489,20.656],[73.49,20.686],[73.467,20.722],[73.45,20.718],[73.444,20.681],[73.43,20.664],[73.392,20.649],[73.407,20.624],[73.43,20.595],[73.474,20.583],[73.468,20.496],[73.445,20.475],[73.421,20.428],[73.38,20.394],[73.406,20.383],[73.415,20.318],[73.427,20.278],[73.411,20.238],[73.421,20.206],[73.386,20.209],[73.354,20.2],[73.302,20.21],[73.287,20.198],[73.278,20.149],[73.249,20.123],[73.208,20.12],[73.21,20.085],[73.18,20.049],[73.126,20.084],[73.055,20.1],[73.038,20.068],[73,20.123],[72.97,20.116],[72.962,20.137],[72.974,20.16],[72.962,20.21],[72.899,20.228],[72.871,20.228],[72.821,20.188],[72.811,20.152],[72.777,20.132],[72.742,20.135],[72.726,20.08],[72.708,20.07],[72.721,19.989],[72.713,19.968],[72.664,19.933],[72.677,19.919],[72.679,19.867],[72.647,19.847],[72.654,19.811],[72.681,19.8],[72.672,19.761],[72.677,19.715],[72.708,19.704],[72.699,19.662],[72.725,19.608],[72.709,19.599],[72.717,19.566],[72.711,19.542],[72.72,19.501],[72.75,19.489],[72.743,19.458],[72.766,19.362],[72.801,19.324],[72.831,19.329],[72.786,19.306],[72.784,19.265],[72.776,19.227],[72.795,19.195],[72.782,19.159],[72.822,19.119],[72.824,19.056],[72.838,19.048],[72.836,19.028],[72.811,19.002],[72.799,18.957],[72.843,18.934],[72.855,18.996],[72.878,19.022],[72.88,18.988],[72.902,18.979],[72.947,18.987],[72.956,18.957],[72.901,18.886],[72.921,18.852],[72.975,18.84],[72.987,18.813],[72.965,18.795],[72.93,18.823],[72.909,18.8],[72.866,18.808],[72.859,18.771],[72.862,18.721],[72.851,18.699],[72.875,18.632],[72.922,18.547],[72.894,18.473],[72.923,18.393],[72.912,18.365],[72.954,18.334],[72.986,18.282],[72.974,18.266],[72.948,18.285],[72.935,18.273],[72.935,18.229],[72.979,18.197],[72.989,18.158],[72.971,18.133],[73.008,18.05],[73.005,18.02],[73.037,17.983],[73.029,17.951],[73.051,17.931],[73.055,17.9],[73.075,17.882],[73.092,17.812],[73.103,17.803],[73.135,17.713],[73.114,17.69],[73.132,17.655],[73.138,17.611],[73.153,17.599],[73.141,17.547],[73.174,17.517],[73.192,17.47],[73.184,17.456],[73.184,17.384],[73.203,17.39],[73.226,17.336],[73.223,17.306],[73.198,17.291],[73.222,17.267],[73.247,17.211],[73.289,17.063],[73.279,17.038],[73.279,16.993],[73.3,16.982],[73.283,16.95],[73.282,16.898],[73.295,16.861],[73.296,16.817],[73.318,16.796],[73.304,16.766],[73.305,16.73],[73.33,16.687],[73.341,16.606],[73.322,16.584],[73.345,16.57],[73.313,16.535],[73.328,16.507],[73.371,16.391],[73.386,16.358],[73.394,16.313],[73.413,16.269],[73.43,16.199],[73.44,16.191],[73.458,16.118],[73.465,16.067],[73.484,16.034],[73.491,15.984],[73.51,15.94],[73.536,15.938],[73.587,15.911],[73.614,15.854],[73.623,15.855],[73.654,15.792],[73.664,15.74],[73.677,15.726],[73.696,15.724],[73.739,15.734],[73.784,15.726],[73.827,15.744],[73.83,15.764],[73.856,15.801],[73.874,15.777],[73.876,15.751],[73.934,15.745],[73.964,15.692],[73.962,15.642],[73.993,15.611],[74.021,15.606],[74.031,15.623],[74.07,15.629],[74.118,15.652],[74.103,15.672],[74.132,15.694],[74.126,15.724],[74.162,15.751],[74.201,15.759],[74.209,15.781],[74.24,15.743],[74.268,15.755],[74.308,15.748],[74.323,15.773],[74.345,15.765],[74.371,15.795],[74.366,15.826],[74.346,15.851],[74.363,15.875],[74.398,15.851],[74.387,15.905],[74.428,15.952],[74.463,16.038],[74.451,16.054],[74.415,16.056],[74.381,16.035],[74.365,16.058],[74.429,16.112],[74.482,16.089],[74.491,16.104],[74.485,16.142],[74.49,16.177],[74.507,16.191],[74.503,16.225],[74.418,16.258],[74.416,16.28],[74.384,16.292],[74.349,16.292],[74.317,16.328],[74.319,16.372],[74.339,16.391],[74.33,16.448],[74.297,16.465],[74.291,16.505],[74.318,16.554],[74.379,16.528],[74.397,16.583],[74.463,16.604],[74.491,16.63],[74.544,16.635],[74.543,16.595],[74.569,16.554],[74.636,16.584],[74.689,16.617],[74.657,16.643],[74.665,16.666],[74.689,16.677],[74.691,16.716],[74.732,16.718],[74.775,16.752],[74.845,16.762],[74.85,16.773],[74.92,16.773],[74.911,16.789],[74.91,16.835],[74.927,16.864],[74.961,16.881],[74.922,16.93],[74.989,16.952],[75.064,16.942],[75.089,16.952],[75.096,16.914],[75.117,16.913],[75.136,16.874],[75.177,16.868],[75.183,16.843],[75.228,16.843],[75.238,16.868],[75.265,16.863],[75.29,16.904],[75.28,16.957],[75.342,16.956],[75.392,16.98],[75.428,16.966],[75.466,16.988],[75.483,16.976],[75.489,16.944],[75.529,16.969],[75.563,16.968],[75.567,17.009],[75.607,17.005],[75.61,16.972],[75.646,16.954],[75.666,16.98],[75.677,17.065],[75.672,17.116],[75.65,17.116],[75.628,17.163],[75.628,17.189],[75.662,17.215],[75.654,17.274],[75.63,17.274],[75.604,17.305],[75.61,17.345],[75.581,17.351],[75.574,17.383],[75.609,17.394],[75.622,17.459],[75.633,17.477],[75.675,17.457],[75.683,17.417],[75.718,17.41],[75.731,17.42],[75.765,17.406],[75.78,17.376],[75.804,17.368],[75.821,17.421],[75.849,17.412],[75.857,17.387],[75.894,17.401],[75.89,17.361],[75.926,17.325],[76,17.339],[76.01,17.352],[76.062,17.354],[76.072,17.335],[76.1,17.365],[76.12,17.37],[76.163,17.345],[76.196,17.364],[76.272,17.361],[76.276,17.335],[76.318,17.332],[76.345,17.354],[76.354,17.314],[76.383,17.315],[76.409,17.371],[76.363,17.378],[76.372,17.436],[76.333,17.434],[76.331,17.47],[76.347,17.513],[76.332,17.596],[76.42,17.604],[76.429,17.645],[76.487,17.658],[76.487,17.715],[76.524,17.715],[76.531,17.758],[76.563,17.765],[76.57,17.705],[76.594,17.722],[76.612,17.77],[76.633,17.728],[76.653,17.722],[76.664,17.688],[76.691,17.681],[76.694,17.696],[76.693,17.707],[76.734,17.781],[76.78,17.803],[76.79,17.827],[76.767,17.852],[76.738,17.86],[76.74,17.9],[76.768,17.901],[76.775,17.878],[76.852,17.901],[76.884,17.895],[76.921,17.942],[76.906,18.01],[76.914,18.035],[76.945,18.048],[76.954,18.111],[76.92,18.118],[76.952,18.188],[76.991,18.19],[76.997,18.165],[77.023,18.159],[77.033,18.182],[77.064,18.151],[77.113,18.157],[77.098,18.193],[77.14,18.208],[77.175,18.285],[77.209,18.288],[77.212,18.316],[77.242,18.413],[77.266,18.422],[77.317,18.442],[77.342,18.436],[77.362,18.437],[77.374,18.401],[77.414,18.393],[77.395,18.369],[77.366,18.307],[77.41,18.302],[77.428,18.312],[77.448,18.27],[77.492,18.267],[77.512,18.282],[77.519,18.309],[77.551,18.292],[77.571,18.308],[77.558,18.331],[77.532,18.339],[77.525,18.373],[77.552,18.389],[77.557,18.419],[77.584,18.445],[77.576,18.487],[77.6,18.527],[77.596,18.549],[77.64,18.555],[77.665,18.536],[77.702,18.555],[77.738,18.557],[77.75,18.589],[77.73,18.667],[77.76,18.707],[77.79,18.695],[77.84,18.805],[77.907,18.827],[77.93,18.822],[77.949,18.843],[77.903,18.867],[77.884,18.905],[77.843,18.909],[77.859,18.949],[77.816,18.947],[77.822,18.979],[77.774,18.997],[77.763,19.029],[77.765,19.063],[77.8,19.051],[77.805,19.101],[77.849,19.087],[77.838,19.138],[77.86,19.18],[77.848,19.19],[77.871,19.254],[77.903,19.256],[77.903,19.278],[77.866,19.284],[77.863,19.304],[77.912,19.316],[77.944,19.343],[78.043,19.271],[78.056,19.237],[78.117,19.249],[78.143,19.23],[78.175,19.238],[78.177,19.278],[78.193,19.317],[78.172,19.36],[78.192,19.407],[78.22,19.433],[78.245,19.429],[78.269,19.448],[78.304,19.456],[78.299,19.497],[78.275,19.562],[78.304,19.569],[78.304,19.608],[78.29,19.646],[78.263,19.665],[78.276,19.692],[78.312,19.691],[78.343,19.713],[78.365,19.781],[78.357,19.805],[78.334,19.815],[78.336,19.838],[78.3,19.841],[78.307,19.914],[78.337,19.883],[78.381,19.88],[78.387,19.845],[78.423,19.818],[78.475,19.816],[78.485,19.796],[78.515,19.819],[78.553,19.824],[78.604,19.818],[78.699,19.789],[78.719,19.767],[78.738,19.783],[78.786,19.777],[78.797,19.76],[78.841,19.762],[78.86,19.689],[78.852,19.659],[78.888,19.655],[78.902,19.67],[78.955,19.656],[78.956,19.6],[78.968,19.577],[78.94,19.552],[78.998,19.54],[79.046,19.548],[79.105,19.522],[79.162,19.488],[79.19,19.459],[79.222,19.468],[79.207,19.506],[79.24,19.535],[79.237,19.557],[79.273,19.599],[79.307,19.597],[79.318,19.577],[79.366,19.576],[79.406,19.536],[79.433,19.537],[79.469,19.51],[79.501,19.507],[79.519,19.543],[79.54,19.555],[79.551,19.527],[79.6,19.51],[79.615,19.561],[79.632,19.575],[79.714,19.587],[79.735,19.605],[79.779,19.6],[79.805,19.58],[79.832,19.539],[79.864,19.511],[79.905,19.5],[79.944,19.471],[79.948,19.45],[79.978,19.4],[79.959,19.336],[79.966,19.311],[79.936,19.264],[79.924,19.215],[79.942,19.184],[79.931,19.156],[79.874,19.124],[79.858,19.096],[79.87,19.042],[79.938,19.041],[79.942,18.992],[79.958,18.936],[79.954,18.903],[79.962,18.867],[79.914,18.826],[79.921,18.81],[79.973,18.772],[80.019,18.77],[80.055,18.724],[80.088,18.708],[80.112,18.683],[80.156,18.701],[80.179,18.683],[80.218,18.708],[80.252,18.707],[80.272,18.724],[80.246,18.755],[80.289,18.774],[80.354,18.826],[80.349,18.848],[80.3,18.911],[80.274,18.932],[80.274,18.994],[80.305,19.027],[80.297,19.048],[80.329,19.07],[80.34,19.1],[80.327,19.136],[80.348,19.16],[80.389,19.182],[80.384,19.215],[80.394,19.245],[80.438,19.258],[80.486,19.341],[80.52,19.348],[80.538,19.378],[80.578,19.401],[80.59,19.352],[80.623,19.306],[80.683,19.329],[80.69,19.287],[80.709,19.282],[80.756,19.29],[80.774,19.314],[80.847,19.356],[80.817,19.384],[80.796,19.43],[80.842,19.447],[80.875,19.446],[80.898,19.48],[80.895,19.52],[80.857,19.523],[80.836,19.566],[80.816,19.571],[80.775,19.563],[80.769,19.587],[80.719,19.615],[80.67,19.609],[80.663,19.622],[80.674,19.684],[80.671,19.702],[80.64,19.725],[80.587,19.741],[80.542,19.783],[80.545,19.819],[80.52,19.832],[80.481,19.828],[80.479,19.783],[80.449,19.79],[80.432,19.807],[80.469,19.828],[80.486,19.864],[80.506,19.871],[80.49,19.902],[80.45,19.896],[80.408,19.913],[80.411,19.938],[80.452,19.957],[80.481,19.934],[80.524,19.934],[80.549,19.984],[80.543,20.011],[80.557,20.07],[80.544,20.096],[80.552,20.118],[80.506,20.144],[80.46,20.151],[80.43,20.136],[80.389,20.165],[80.421,20.197],[80.395,20.237],[80.467,20.276],[80.517,20.266],[80.546,20.306],[80.611,20.318],[80.626,20.333],[80.611,20.375],[80.591,20.393],[80.614,20.436],[80.613,20.463],[80.625,20.578],[80.601,20.609],[80.565,20.604],[80.522,20.58],[80.504,20.583],[80.496,20.637],[80.521,20.657],[80.58,20.673],[80.565,20.711],[80.563,20.747],[80.549,20.795],[80.562,20.823],[80.561,20.831],[80.556,20.89],[80.534,20.935],[80.464,20.929],[80.426,21.006],[80.45,21.031],[80.445,21.121],[80.464,21.175],[80.515,21.183],[80.53,21.205],[80.553,21.201],[80.617,21.23],[80.643,21.25],[80.651,21.278],[80.68,21.299],[80.66,21.334]],[[74.292,15.83],[74.312,15.793],[74.266,15.798],[74.262,15.83],[74.292,15.83]]]},"properties":{"state":"Maharashtra"}},
{"type":"Feature","geometry":{"type":"Polygon","coordinates":[[[93.009,24.412],[93.02,24.348],[93.035,24.323],[93.008,24.287],[93.004,24.26],[93.021,24.232],[93.006,24.162],[92.973,24.112],[92.991,24.115],[93.052,24.09],[93.075,24.102],[93.097,24.074],[93.1,24.043],[93.149,24.085],[93.169,24.051],[93.213,24.049],[93.222,24.085],[93.261,24.07],[93.251,24.033],[93.289,24.052],[93.326,24.048],[93.328,24.078],[93.349,24.105],[93.416,24.071],[93.437,24.017],[93.453,24.012],[93.462,23.976],[93.5,23.945],[93.55,23.959],[93.57,23.977],[93.588,23.96],[93.608,23.972],[93.623,24.011],[93.667,24.002],[93.69,24.009],[93.724,23.998],[93.747,24.031],[93.774,23.967],[93.82,23.924],[93.859,23.932],[93.894,23.953],[93.93,23.95],[93.954,23.933],[93.997,23.922],[94.016,23.927],[94.045,23.895],[94.075,23.884],[94.096,23.889],[94.116,23.84],[94.157,23.848],[94.176,23.926],[94.192,23.936],[94.202,23.982],[94.237,24.035],[94.247,24.068],[94.247,24.113],[94.26,24.165],[94.276,24.173],[94.292,24.233],[94.307,24.242],[94.322,24.277],[94.322,24.329],[94.35,24.335],[94.379,24.38],[94.409,24.44],[94.406,24.482],[94.426,24.482],[94.454,24.566],[94.508,24.594],[94.54,24.644],[94.548,24.683],[94.542,24.705],[94.601,24.71],[94.628,24.755],[94.618,24.781],[94.632,24.839],[94.658,24.872],[94.674,24.877],[94.702,24.93],[94.697,24.968],[94.727,24.999],[94.744,25.038],[94.737,25.135],[94.692,25.156],[94.64,25.166],[94.606,25.182],[94.577,25.213],[94.585,25.265],[94.635,25.358],[94.632,25.388],[94.66,25.405],[94.675,25.446],[94.616,25.463],[94.569,25.501],[94.554,25.504],[94.567,25.548],[94.557,25.591],[94.571,25.605],[94.574,25.648],[94.564,25.675],[94.506,25.615],[94.492,25.609],[94.468,25.614],[94.425,25.587],[94.418,25.539],[94.386,25.533],[94.315,25.491],[94.274,25.5],[94.222,25.491],[94.187,25.533],[94.15,25.543],[94.133,25.518],[94.092,25.53],[94.048,25.576],[94.013,25.592],[94.001,25.567],[93.963,25.552],[93.888,25.565],[93.861,25.554],[93.835,25.562],[93.821,25.545],[93.77,25.534],[93.758,25.508],[93.786,25.503],[93.81,25.483],[93.805,25.464],[93.775,25.421],[93.743,25.405],[93.711,25.358],[93.688,25.356],[93.681,25.328],[93.637,25.263],[93.605,25.199],[93.551,25.248],[93.501,25.243],[93.506,25.269],[93.471,25.272],[93.471,25.305],[93.428,25.283],[93.386,25.243],[93.354,25.187],[93.347,25.138],[93.332,25.094],[93.315,25.085],[93.299,25.049],[93.266,25.044],[93.242,25.004],[93.249,24.973],[93.262,24.963],[93.249,24.916],[93.22,24.869],[93.195,24.844],[93.192,24.804],[93.154,24.789],[93.134,24.81],[93.105,24.792],[93.098,24.754],[93.107,24.74],[93.079,24.705],[93.096,24.664],[93.083,24.649],[93.084,24.613],[93.071,24.6],[93.088,24.572],[93.049,24.542],[93.033,24.494],[93.036,24.458],[93.025,24.407],[93.009,24.412]]]},"properties":{"state":"Manipur"}},
{"type":"Feature","geometry":{"type":"Polygon","coordinates":[[[89.852,25.466],[89.833,25.439],[89.82,25.379],[89.821,25.356],[89.841,25.319],[89.831,25.296],[89.877,25.285],[89.909,25.308],[89.947,25.295],[89.967,25.304],[89.981,25.281],[90.005,25.28],[90.034,25.262],[90.118,25.223],[90.171,25.223],[90.196,25.211],[90.25,25.2],[90.31,25.189],[90.33,25.194],[90.37,25.163],[90.451,25.152],[90.524,25.174],[90.627,25.173],[90.663,25.191],[90.699,25.157],[90.733,25.155],[90.769,25.183],[90.805,25.166],[90.85,25.158],[90.884,25.166],[90.928,25.162],[90.973,25.175],[91.074,25.199],[91.125,25.194],[91.195,25.202],[91.26,25.201],[91.337,25.174],[91.365,25.178],[91.389,25.167],[91.457,25.148],[91.478,25.134],[91.51,25.147],[91.556,25.15],[91.577,25.172],[91.621,25.143],[91.638,25.123],[91.833,25.178],[91.85,25.173],[91.921,25.181],[91.98,25.169],[92.017,25.187],[92.074,25.185],[92.133,25.16],[92.136,25.14],[92.178,25.126],[92.195,25.13],[92.207,25.109],[92.255,25.085],[92.309,25.07],[92.349,25.073],[92.367,25.048],[92.425,25.03],[92.469,25.066],[92.481,25.109],[92.539,25.099],[92.525,25.135],[92.588,25.129],[92.623,25.116],[92.628,25.137],[92.658,25.172],[92.694,25.179],[92.743,25.207],[92.775,25.2],[92.768,25.267],[92.792,25.283],[92.781,25.334],[92.761,25.334],[92.746,25.358],[92.701,25.385],[92.652,25.429],[92.619,25.423],[92.603,25.435],[92.6,25.465],[92.566,25.463],[92.574,25.49],[92.643,25.535],[92.661,25.573],[92.642,25.589],[92.621,25.565],[92.585,25.55],[92.557,25.571],[92.553,25.615],[92.506,25.616],[92.47,25.675],[92.441,25.69],[92.444,25.72],[92.415,25.74],[92.373,25.75],[92.345,25.729],[92.263,25.709],[92.225,25.716],[92.208,25.696],[92.156,25.672],[92.154,25.725],[92.163,25.744],[92.15,25.772],[92.151,25.816],[92.178,25.852],[92.177,25.873],[92.22,25.9],[92.186,25.917],[92.157,25.915],[92.152,25.944],[92.175,25.974],[92.211,26.004],[92.234,26.01],[92.27,26.047],[92.275,26.066],[92.238,26.063],[92.176,26.078],[92.132,26.044],[92.108,26.051],[92.064,26.034],[91.989,26.037],[91.984,26.026],[91.934,26.01],[91.883,26.026],[91.867,26.042],[91.879,26.098],[91.821,26.118],[91.791,26.085],[91.779,26.09],[91.732,26.06],[91.723,26.035],[91.72,25.954],[91.671,25.904],[91.651,25.907],[91.621,25.932],[91.636,25.962],[91.626,25.989],[91.63,26.023],[91.571,26.026],[91.551,25.977],[91.518,25.953],[91.508,25.909],[91.478,25.887],[91.469,25.859],[91.437,25.843],[91.424,25.854],[91.344,25.837],[91.322,25.822],[91.289,25.765],[91.22,25.722],[91.186,25.739],[91.178,25.777],[91.203,25.844],[91.148,25.85],[91.12,25.833],[91.067,25.826],[91.047,25.849],[91.022,25.824],[91.001,25.825],[91.03,25.886],[90.966,25.888],[90.956,25.936],[90.917,25.943],[90.905,25.929],[90.875,25.943],[90.809,25.947],[90.778,25.909],[90.764,25.908],[90.74,25.939],[90.714,25.952],[90.633,25.921],[90.626,25.937],[90.581,25.958],[90.573,25.938],[90.533,25.907],[90.518,25.907],[90.534,25.96],[90.501,26.001],[90.479,26.014],[90.424,25.989],[90.4,26.011],[90.349,26.003],[90.328,25.975],[90.283,25.963],[90.212,25.953],[90.119,25.958],[90.081,25.918],[90.04,25.889],[90.025,25.896],[90.006,25.879],[90.016,25.852],[89.953,25.827],[89.949,25.823],[89.96,25.783],[89.937,25.745],[89.896,25.732],[89.944,25.679],[89.953,25.654],[90.029,25.605],[90.005,25.599],[89.937,25.565],[89.885,25.555],[89.877,25.537],[89.871,25.476],[89.852,25.466]]]},"properties":{"state":"Meghalaya"}},
{"type":"Feature","geometry":{"type":"Polygon","coordinates":[[[92.298,24.253],[92.298,24.227],[92.321,24.208],[92.331,24.18],[92.331,24.107],[92.318,24.062],[92.318,24.017],[92.33,23.984],[92.313,23.968],[92.315,23.93],[92.331,23.919],[92.316,23.862],[92.274,23.848],[92.286,23.822],[92.26,23.813],[92.267,23.743],[92.266,23.724],[92.291,23.681],[92.275,23.65],[92.29,23.628],[92.288,23.601],[92.308,23.578],[92.306,23.535],[92.332,23.465],[92.333,23.436],[92.357,23.411],[92.356,23.373],[92.38,23.351],[92.368,23.326],[92.385,23.307],[92.394,23.267],[92.402,23.237],[92.35,23.235],[92.362,23.165],[92.359,23.107],[92.392,23.057],[92.38,23.012],[92.384,22.982],[92.372,22.937],[92.42,22.91],[92.464,22.855],[92.456,22.825],[92.475,22.773],[92.474,22.746],[92.504,22.739],[92.529,22.665],[92.524,22.656],[92.538,22.575],[92.524,22.561],[92.551,22.514],[92.544,22.483],[92.552,22.413],[92.568,22.371],[92.592,22.247],[92.589,22.216],[92.611,22.139],[92.575,22.116],[92.601,22.058],[92.599,22.007],[92.611,21.984],[92.635,21.984],[92.659,22.016],[92.68,22.011],[92.685,22.04],[92.682,22.103],[92.695,22.153],[92.734,22.136],[92.818,22.087],[92.85,22.063],[92.864,22.025],[92.892,22.011],[92.916,21.98],[92.956,22.03],[92.982,21.98],[93.008,21.983],[92.995,22.04],[93.012,22.089],[93.047,22.099],[93.056,22.122],[93.037,22.145],[93.048,22.163],[93.043,22.2],[93.063,22.208],[93.089,22.197],[93.111,22.204],[93.128,22.174],[93.154,22.178],[93.161,22.199],[93.14,22.235],[93.178,22.247],[93.202,22.265],[93.186,22.339],[93.186,22.425],[93.164,22.451],[93.139,22.455],[93.124,22.525],[93.11,22.541],[93.14,22.592],[93.134,22.615],[93.108,22.637],[93.091,22.704],[93.107,22.754],[93.096,22.786],[93.11,22.819],[93.136,22.913],[93.154,22.918],[93.122,23.006],[93.127,23.044],[93.18,23.057],[93.201,23.055],[93.241,23.007],[93.295,23.007],[93.328,23.04],[93.343,23.086],[93.376,23.132],[93.368,23.146],[93.387,23.215],[93.366,23.294],[93.371,23.332],[93.401,23.383],[93.389,23.449],[93.395,23.504],[93.414,23.53],[93.41,23.562],[93.428,23.588],[93.418,23.636],[93.436,23.678],[93.392,23.756],[93.402,23.813],[93.385,23.848],[93.394,23.929],[93.366,23.934],[93.334,23.985],[93.326,24.048],[93.289,24.052],[93.251,24.033],[93.261,24.07],[93.222,24.085],[93.213,24.049],[93.169,24.051],[93.149,24.085],[93.1,24.043],[93.097,24.074],[93.075,24.102],[93.052,24.09],[92.991,24.115],[92.973,24.112],[93.006,24.162],[93.021,24.232],[93.004,24.26],[93.008,24.287],[93.035,24.323],[93.02,24.348],[93.009,24.412],[92.976,24.408],[92.934,24.392],[92.907,24.411],[92.862,24.399],[92.826,24.377],[92.82,24.404],[92.797,24.433],[92.763,24.521],[92.749,24.495],[92.69,24.354],[92.661,24.348],[92.649,24.329],[92.623,24.332],[92.612,24.253],[92.551,24.247],[92.534,24.18],[92.465,24.136],[92.437,24.153],[92.419,24.193],[92.423,24.255],[92.298,24.253]]]},"properties":{"state":"Mizoram"}},
{"type":"Feature","geometry":{"type":"Polygon","coordinates":[[[95.195,27.033],[95.144,26.996],[95.108,26.977],[95.081,26.95],[94.982,26.913],[94.955,26.94],[94.924,26.946],[94.866,26.909],[94.843,26.869],[94.817,26.848],[94.814,26.82],[94.789,26.796],[94.758,26.766],[94.737,26.765],[94.694,26.733],[94.625,26.715],[94.592,26.725],[94.59,26.697],[94.539,26.706],[94.493,26.666],[94.46,26.661],[94.45,26.636],[94.404,26.612],[94.414,26.578],[94.406,26.549],[94.325,26.482],[94.316,26.458],[94.293,26.471],[94.283,26.505],[94.281,26.549],[94.256,26.541],[94.237,26.506],[94.185,26.458],[94.172,26.416],[94.178,26.382],[94.161,26.348],[94.115,26.328],[94.075,26.284],[94.075,26.264],[94.047,26.249],[94.032,26.197],[94.001,26.172],[93.997,26.106],[93.985,26.065],[93.962,26.037],[93.958,25.99],[93.979,25.917],[93.916,25.884],[93.889,25.856],[93.845,25.858],[93.816,25.823],[93.79,25.811],[93.778,25.849],[93.784,25.88],[93.795,25.907],[93.777,25.968],[93.735,25.924],[93.682,25.904],[93.702,25.852],[93.714,25.845],[93.639,25.816],[93.618,25.776],[93.584,25.764],[93.543,25.719],[93.54,25.703],[93.481,25.644],[93.425,25.63],[93.364,25.561],[93.33,25.543],[93.353,25.528],[93.384,25.469],[93.416,25.445],[93.455,25.434],[93.473,25.386],[93.452,25.354],[93.453,25.322],[93.471,25.305],[93.471,25.272],[93.506,25.269],[93.501,25.243],[93.551,25.248],[93.605,25.199],[93.637,25.263],[93.681,25.328],[93.688,25.356],[93.711,25.358],[93.743,25.405],[93.775,25.421],[93.805,25.464],[93.81,25.483],[93.786,25.503],[93.758,25.508],[93.77,25.534],[93.821,25.545],[93.835,25.562],[93.861,25.554],[93.888,25.565],[93.963,25.552],[94.001,25.567],[94.013,25.592],[94.048,25.576],[94.092,25.53],[94.133,25.518],[94.15,25.543],[94.187,25.533],[94.222,25.491],[94.274,25.5],[94.315,25.491],[94.386,25.533],[94.418,25.539],[94.425,25.587],[94.468,25.614],[94.492,25.609],[94.506,25.615],[94.564,25.675],[94.574,25.648],[94.571,25.605],[94.557,25.591],[94.567,25.548],[94.554,25.504],[94.569,25.501],[94.616,25.463],[94.675,25.446],[94.683,25.466],[94.745,25.482],[94.784,25.481],[94.806,25.492],[94.835,25.553],[94.852,25.564],[94.898,25.568],[94.882,25.592],[94.914,25.607],[94.922,25.641],[94.935,25.667],[94.97,25.689],[95.003,25.729],[95.041,25.742],[95.05,25.792],[95.03,25.84],[95.009,25.867],[95.012,25.898],[95.036,25.927],[95.095,25.955],[95.158,26.024],[95.164,26.048],[95.186,26.074],[95.165,26.093],[95.118,26.101],[95.126,26.129],[95.117,26.159],[95.142,26.212],[95.115,26.233],[95.128,26.339],[95.132,26.378],[95.096,26.401],[95.104,26.421],[95.072,26.472],[95.114,26.518],[95.113,26.547],[95.141,26.567],[95.149,26.616],[95.181,26.643],[95.208,26.648],[95.233,26.682],[95.233,26.706],[95.209,26.729],[95.228,26.786],[95.208,26.795],[95.198,26.839],[95.182,26.861],[95.227,26.895],[95.232,26.917],[95.212,26.931],[95.212,26.965],[95.191,26.987],[95.195,27.033]]]},"properties":{"state":"Nagaland"}},
{"type":"Feature","geometry":{"type":"Polygon","coordinates":[[[76.829,30.681],[76.809,30.667],[76.753,30.684],[76.706,30.756],[76.744,30.77],[76.772,30.795],[76.816,30.753],[76.837,30.754],[76.857,30.795],[76.847,30.834],[76.784,30.878],[76.776,30.906],[76.737,30.938],[76.722,30.962],[76.684,30.968],[76.625,30.998],[76.627,31.025],[76.617,31.078],[76.636,31.102],[76.601,31.129],[76.615,31.19],[76.645,31.209],[76.588,31.274],[76.544,31.259],[76.521,31.28],[76.506,31.268],[76.479,31.309],[76.463,31.304],[76.432,31.327],[76.393,31.389],[76.395,31.408],[76.352,31.398],[76.342,31.355],[76.308,31.342],[76.311,31.319],[76.289,31.306],[76.239,31.309],[76.214,31.299],[76.181,31.31],[76.181,31.334],[76.149,31.353],[76.147,31.38],[76.17,31.399],[76.162,31.422],[76.134,31.451],[76.098,31.534],[76.018,31.633],[76.006,31.676],[75.983,31.719],[75.948,31.813],[75.969,31.824],[75.96,31.857],[75.912,31.94],[75.892,31.962],[75.824,31.983],[75.78,32.005],[75.751,32.038],[75.724,32.033],[75.704,32.054],[75.657,32.078],[75.602,32.066],[75.596,32.086],[75.601,32.093],[75.63,32.122],[75.656,32.134],[75.673,32.159],[75.655,32.197],[75.624,32.19],[75.629,32.242],[75.772,32.289],[75.812,32.349],[75.827,32.35],[75.874,32.396],[75.937,32.397],[75.903,32.452],[75.881,32.464],[75.832,32.511],[75.824,32.496],[75.777,32.465],[75.73,32.453],[75.736,32.43],[75.687,32.39],[75.595,32.377],[75.54,32.336],[75.537,32.283],[75.513,32.307],[75.482,32.32],[75.44,32.318],[75.365,32.333],[75.332,32.327],[75.32,32.297],[75.35,32.29],[75.371,32.258],[75.365,32.22],[75.327,32.214],[75.31,32.196],[75.314,32.172],[75.277,32.137],[75.261,32.101],[75.22,32.108],[75.174,32.067],[75.158,32.082],[75.123,32.081],[75.102,32.059],[75.069,32.064],[75.041,32.043],[75.012,32.036],[74.925,32.066],[74.908,32.051],[74.829,31.999],[74.819,31.959],[74.781,31.956],[74.743,31.94],[74.722,31.943],[74.706,31.921],[74.677,31.926],[74.636,31.884],[74.616,31.89],[74.571,31.837],[74.559,31.758],[74.491,31.724],[74.502,31.696],[74.532,31.681],[74.555,31.608],[74.575,31.604],[74.592,31.574],[74.617,31.557],[74.611,31.499],[74.653,31.455],[74.642,31.416],[74.609,31.422],[74.583,31.379],[74.554,31.367],[74.537,31.321],[74.532,31.252],[74.51,31.132],[74.548,31.122],[74.551,31.086],[74.571,31.081],[74.607,31.095],[74.601,31.132],[74.64,31.12],[74.689,31.128],[74.702,31.092],[74.696,31.074],[74.671,31.054],[74.597,31.038],[74.574,31.057],[74.548,31.032],[74.546,30.992],[74.509,30.967],[74.48,30.974],[74.44,30.942],[74.418,30.938],[74.423,30.908],[74.397,30.909],[74.366,30.893],[74.369,30.857],[74.325,30.85],[74.299,30.805],[74.298,30.777],[74.261,30.77],[74.275,30.736],[74.233,30.725],[74.213,30.689],[74.193,30.665],[74.149,30.632],[74.129,30.632],[74.072,30.523],[74.048,30.54],[73.993,30.514],[73.976,30.494],[73.964,30.456],[73.965,30.425],[73.92,30.396],[73.903,30.349],[73.931,30.32],[73.964,30.257],[73.973,30.198],[73.971,30.125],[73.93,30.069],[73.904,30.05],[73.887,30.012],[73.895,29.974],[74.099,29.967],[74.297,29.955],[74.448,29.947],[74.527,29.943],[74.597,29.913],[74.648,29.905],[74.651,29.926],[74.682,29.943],[74.707,29.977],[74.731,29.961],[74.778,29.972],[74.806,29.992],[74.855,29.956],[74.888,29.966],[74.923,29.952],[74.951,29.903],[74.991,29.868],[75.023,29.866],[75.048,29.885],[75.07,29.877],[75.089,29.917],[75.11,29.902],[75.115,29.879],[75.091,29.853],[75.137,29.806],[75.191,29.841],[75.21,29.833],[75.209,29.793],[75.242,29.755],[75.226,29.729],[75.197,29.716],[75.207,29.688],[75.168,29.667],[75.188,29.652],[75.182,29.629],[75.235,29.602],[75.222,29.58],[75.237,29.544],[75.303,29.56],[75.314,29.589],[75.29,29.607],[75.317,29.631],[75.346,29.696],[75.392,29.713],[75.414,29.77],[75.454,29.782],[75.462,29.808],[75.503,29.778],[75.561,29.771],[75.572,29.743],[75.618,29.744],[75.635,29.772],[75.678,29.776],[75.705,29.764],[75.714,29.802],[75.738,29.814],[75.789,29.811],[75.837,29.794],[75.87,29.749],[75.947,29.729],[75.984,29.727],[75.994,29.739],[76.044,29.743],[76.085,29.801],[76.105,29.812],[76.129,29.797],[76.164,29.818],[76.198,29.845],[76.244,29.852],[76.247,29.874],[76.186,29.892],[76.178,29.942],[76.202,29.985],[76.226,30.058],[76.254,30.089],[76.196,30.123],[76.227,30.144],[76.254,30.122],[76.322,30.095],[76.368,30.118],[76.409,30.147],[76.387,30.171],[76.422,30.192],[76.441,30.166],[76.429,30.151],[76.468,30.099],[76.498,30.094],[76.513,30.071],[76.545,30.075],[76.575,30.101],[76.599,30.112],[76.638,30.148],[76.644,30.15],[76.623,30.18],[76.624,30.231],[76.593,30.262],[76.675,30.299],[76.7,30.328],[76.733,30.348],[76.713,30.388],[76.748,30.429],[76.79,30.415],[76.856,30.418],[76.883,30.409],[76.917,30.365],[76.941,30.395],[76.919,30.407],[76.9,30.449],[76.898,30.484],[76.931,30.501],[76.916,30.526],[76.926,30.61],[76.881,30.645],[76.874,30.674],[76.847,30.657],[76.829,30.681]]]},"properties":{"state":"Punjab"}},
{"type":"Feature","geometry":{"type":"MultiPolygon","coordinates":[[[[74.319,23.059],[74.356,23.08],[74.383,23.111],[74.432,23.105],[74.464,23.082],[74.506,23.085],[74.546,23.11],[74.542,23.13],[74.596,23.138],[74.649,23.175],[74.672,23.2],[74.715,23.191],[74.742,23.209],[74.741,23.226],[74.734,23.221],[74.716,23.219],[74.713,23.251],[74.678,23.272],[74.648,23.256],[74.627,23.259],[74.609,23.282],[74.568,23.295],[74.544,23.28],[74.53,23.321],[74.542,23.365],[74.569,23.376],[74.572,23.421],[74.594,23.424],[74.613,23.462],[74.652,23.462],[74.703,23.505],[74.732,23.499],[74.762,23.521],[74.771,23.542],[74.803,23.533],[74.854,23.571],[74.882,23.606],[74.937,23.629],[74.909,23.688],[74.94,23.764],[74.924,23.797],[74.904,23.794],[74.904,23.853],[74.91,23.906],[74.929,23.955],[74.956,23.968],[74.963,24.002],[74.982,24.025],[74.939,24.054],[74.904,24.109],[74.895,24.16],[74.882,24.17],[74.91,24.21],[74.868,24.243],[74.769,24.239],[74.749,24.258],[74.781,24.289],[74.781,24.338],[74.811,24.383],[74.855,24.424],[74.83,24.435],[74.815,24.468],[74.75,24.467],[74.728,24.489],[74.709,24.486],[74.725,24.513],[74.745,24.513],[74.754,24.554],[74.744,24.571],[74.786,24.586],[74.779,24.615],[74.814,24.65],[74.774,24.666],[74.804,24.734],[74.836,24.707],[74.888,24.634],[74.939,24.638],[74.992,24.693],[74.992,24.732],[75.016,24.732],[75.006,24.772],[74.982,24.764],[74.907,24.782],[74.861,24.798],[74.858,24.84],[74.825,24.9],[74.833,24.96],[74.859,24.962],[74.916,24.907],[74.923,24.879],[74.985,24.853],[75.048,24.85],[75.077,24.881],[75.119,24.882],[75.114,24.967],[75.152,24.989],[75.164,25.017],[75.155,25.034],[75.192,25.038],[75.201,25.038],[75.24,25.035],[75.332,25.042],[75.35,25.018],[75.317,25.006],[75.313,24.98],[75.337,24.955],[75.315,24.896],[75.294,24.908],[75.264,24.895],[75.263,24.875],[75.318,24.861],[75.327,24.875],[75.374,24.868],[75.419,24.886],[75.426,24.869],[75.404,24.845],[75.345,24.822],[75.317,24.804],[75.298,24.807],[75.289,24.834],[75.242,24.846],[75.25,24.81],[75.219,24.805],[75.193,24.774],[75.197,24.743],[75.228,24.718],[75.349,24.701],[75.371,24.692],[75.455,24.68],[75.489,24.687],[75.533,24.712],[75.548,24.703],[75.578,24.713],[75.609,24.682],[75.646,24.685],[75.683,24.725],[75.757,24.762],[75.785,24.762],[75.803,24.756],[75.838,24.718],[75.829,24.676],[75.848,24.663],[75.837,24.621],[75.871,24.607],[75.878,24.583],[75.906,24.576],[75.918,24.541],[75.9,24.442],[75.839,24.414],[75.786,24.453],[75.752,24.428],[75.755,24.408],[75.728,24.396],[75.743,24.34],[75.766,24.298],[75.802,24.302],[75.813,24.285],[75.818,24.239],[75.807,24.218],[75.779,24.21],[75.774,24.181],[75.751,24.143],[75.764,24.121],[75.793,24.092],[75.836,24.092],[75.837,24.057],[75.783,24.043],[75.765,23.993],[75.707,23.966],[75.674,24.018],[75.63,23.995],[75.588,23.991],[75.522,24.025],[75.469,23.974],[75.46,23.919],[75.499,23.9],[75.563,23.858],[75.56,23.817],[75.656,23.796],[75.687,23.756],[75.718,23.812],[75.728,23.859],[75.702,23.873],[75.735,23.898],[75.765,23.876],[75.819,23.868],[75.845,23.884],[75.938,23.897],[75.956,23.921],[75.988,23.942],[75.984,23.975],[75.963,24.019],[75.996,24.018],[76.021,24.034],[76.041,24.065],[76.127,24.089],[76.131,24.115],[76.114,24.163],[76.118,24.195],[76.146,24.224],[76.142,24.282],[76.19,24.323],[76.204,24.298],[76.202,24.268],[76.213,24.21],[76.238,24.219],[76.285,24.21],[76.287,24.228],[76.34,24.244],[76.402,24.215],[76.43,24.221],[76.451,24.209],[76.502,24.205],[76.515,24.163],[76.562,24.173],[76.571,24.209],[76.611,24.239],[76.618,24.259],[76.643,24.269],[76.665,24.262],[76.687,24.279],[76.703,24.246],[76.676,24.191],[76.698,24.168],[76.758,24.168],[76.802,24.117],[76.855,24.136],[76.879,24.131],[76.901,24.127],[76.916,24.188],[76.946,24.206],[76.863,24.273],[76.832,24.358],[76.851,24.371],[76.845,24.436],[76.853,24.467],[76.816,24.534],[76.864,24.549],[76.884,24.521],[76.902,24.546],[76.921,24.529],[76.917,24.483],[76.962,24.462],[77.003,24.473],[77.029,24.496],[77.03,24.519],[77.055,24.526],[77.071,24.573],[77.064,24.647],[77.032,24.711],[77.002,24.716],[76.996,24.733],[76.944,24.758],[76.909,24.732],[76.888,24.747],[76.856,24.742],[76.848,24.768],[76.804,24.807],[76.831,24.837],[76.883,24.836],[76.925,24.847],[76.949,24.869],[76.913,24.89],[76.922,24.912],[76.862,24.96],[76.876,25.041],[76.966,25.052],[77.008,25.074],[77.085,25.054],[77.123,25.067],[77.136,25.087],[77.167,25.085],[77.174,25.112],[77.237,25.107],[77.272,25.112],[77.31,25.081],[77.357,25.094],[77.392,25.123],[77.415,25.22],[77.37,25.247],[77.378,25.316],[77.35,25.33],[77.362,25.357],[77.35,25.416],[77.307,25.43],[77.228,25.367],[77.227,25.331],[77.209,25.306],[77.165,25.308],[77.125,25.33],[77.083,25.336],[77.046,25.321],[77.032,25.294],[76.974,25.3],[76.958,25.284],[76.902,25.324],[76.857,25.333],[76.78,25.316],[76.756,25.323],[76.711,25.346],[76.668,25.35],[76.64,25.384],[76.623,25.377],[76.572,25.438],[76.555,25.453],[76.555,25.483],[76.516,25.528],[76.52,25.547],[76.503,25.583],[76.512,25.607],[76.498,25.642],[76.503,25.675],[76.481,25.683],[76.472,25.707],[76.502,25.73],[76.522,25.729],[76.516,25.778],[76.535,25.819],[76.566,25.848],[76.582,25.87],[76.624,25.872],[76.629,25.895],[76.668,25.911],[76.707,25.901],[76.753,25.917],[76.807,25.965],[76.807,25.99],[76.851,26.032],[76.884,26.047],[76.899,26.091],[76.949,26.103],[76.998,26.129],[77.029,26.171],[77.096,26.183],[77.115,26.218],[77.135,26.233],[77.18,26.238],[77.204,26.23],[77.271,26.268],[77.317,26.312],[77.321,26.333],[77.376,26.366],[77.39,26.357],[77.449,26.368],[77.439,26.404],[77.484,26.41],[77.525,26.407],[77.562,26.437],[77.615,26.454],[77.636,26.481],[77.674,26.503],[77.713,26.498],[77.738,26.514],[77.745,26.538],[77.784,26.552],[77.824,26.551],[77.836,26.578],[77.827,26.596],[77.856,26.613],[77.898,26.623],[77.9,26.656],[77.953,26.659],[78.001,26.695],[78.095,26.679],[78.093,26.72],[78.117,26.796],[78.156,26.784],[78.18,26.826],[78.222,26.83],[78.209,26.869],[78.233,26.874],[78.272,26.919],[78.257,26.935],[78.221,26.943],[78.211,26.931],[78.169,26.948],[78.125,26.949],[78.112,26.904],[78.057,26.907],[78.05,26.879],[78.022,26.899],[77.987,26.889],[77.968,26.904],[77.878,26.902],[77.775,26.932],[77.732,26.92],[77.718,26.897],[77.723,26.874],[77.687,26.875],[77.675,26.858],[77.608,26.828],[77.556,26.818],[77.501,26.817],[77.487,26.788],[77.503,26.769],[77.486,26.749],[77.455,26.742],[77.469,26.766],[77.431,26.771],[77.445,26.816],[77.422,26.841],[77.427,26.859],[77.49,26.9],[77.583,26.924],[77.661,26.971],[77.745,26.985],[77.762,27.001],[77.738,27.03],[77.711,26.997],[77.68,27.047],[77.666,27.017],[77.642,27.026],[77.602,27.023],[77.573,27.049],[77.577,27.068],[77.526,27.078],[77.538,27.098],[77.604,27.124],[77.622,27.172],[77.658,27.17],[77.681,27.194],[77.646,27.242],[77.617,27.286],[77.599,27.297],[77.613,27.332],[77.578,27.328],[77.548,27.337],[77.507,27.377],[77.44,27.391],[77.421,27.422],[77.434,27.46],[77.402,27.477],[77.399,27.5],[77.34,27.527],[77.335,27.591],[77.317,27.607],[77.353,27.651],[77.341,27.703],[77.304,27.71],[77.319,27.733],[77.301,27.795],[77.284,27.801],[77.264,27.805],[77.243,27.784],[77.213,27.808],[77.183,27.787],[77.122,27.792],[77.108,27.785],[77.075,27.814],[77.045,27.821],[77.036,27.782],[77.075,27.767],[77.086,27.738],[77.06,27.726],[77.045,27.743],[77.001,27.737],[76.978,27.654],[76.943,27.673],[76.916,27.652],[76.899,27.678],[76.919,27.71],[76.895,27.718],[76.902,27.774],[76.913,27.789],[76.915,27.835],[76.943,27.854],[76.932,27.922],[76.931,27.993],[76.94,28.044],[76.954,28.063],[76.971,28.138],[76.932,28.153],[76.902,28.181],[76.891,28.205],[76.853,28.221],[76.808,28.211],[76.797,28.192],[76.795,28.148],[76.762,28.143],[76.744,28.121],[76.716,28.128],[76.685,28.092],[76.657,28.089],[76.652,28.062],[76.668,28.014],[76.641,28.002],[76.59,27.998],[76.562,27.966],[76.538,27.968],[76.545,28.011],[76.53,28.04],[76.502,28.032],[76.483,28.053],[76.464,28.109],[76.499,28.1],[76.476,28.149],[76.357,28.144],[76.354,28.164],[76.312,28.178],[76.298,28.149],[76.326,28.146],[76.36,28.125],[76.337,28.103],[76.333,28.077],[76.357,28.067],[76.341,28.029],[76.321,28.016],[76.292,28.026],[76.294,28.049],[76.261,28.068],[76.228,28.048],[76.189,28.056],[76.16,27.998],[76.163,27.973],[76.187,27.965],[76.168,27.903],[76.201,27.893],[76.194,27.86],[76.225,27.833],[76.199,27.821],[76.181,27.798],[76.132,27.824],[76.123,27.851],[76.088,27.861],[76.075,27.844],[76.048,27.835],[75.971,27.852],[75.984,27.883],[75.975,27.912],[75.942,27.913],[75.952,27.948],[75.973,27.933],[75.99,27.995],[75.977,28.031],[76.016,28.031],[76.041,28.074],[76.023,28.086],[75.993,28.046],[75.983,28.081],[75.939,28.088],[75.946,28.108],[75.977,28.125],[75.999,28.123],[76.004,28.149],[76.026,28.165],[76.071,28.165],[76.072,28.194],[76.051,28.196],[76.04,28.222],[76.013,28.244],[76.026,28.275],[75.999,28.286],[75.933,28.337],[75.93,28.359],[75.901,28.372],[75.896,28.39],[75.845,28.392],[75.833,28.405],[75.777,28.4],[75.77,28.423],[75.788,28.454],[75.736,28.469],[75.739,28.485],[75.701,28.493],[75.671,28.517],[75.668,28.533],[75.633,28.544],[75.619,28.603],[75.562,28.613],[75.561,28.636],[75.541,28.66],[75.538,28.727],[75.511,28.781],[75.52,28.835],[75.497,28.855],[75.497,28.896],[75.476,28.932],[75.501,28.934],[75.527,28.97],[75.521,29.004],[75.458,29.014],[75.442,29.058],[75.391,29.063],[75.402,29.128],[75.375,29.135],[75.382,29.168],[75.407,29.17],[75.412,29.242],[75.378,29.257],[75.356,29.223],[75.33,29.233],[75.341,29.281],[75.322,29.289],[75.285,29.269],[75.284,29.25],[75.245,29.25],[75.238,29.23],[75.21,29.235],[75.188,29.268],[75.159,29.242],[75.124,29.24],[75.12,29.223],[75.075,29.23],[75.05,29.286],[75.017,29.284],[74.999,29.27],[74.962,29.28],[74.961,29.318],[74.94,29.34],[74.938,29.362],[74.9,29.385],[74.878,29.384],[74.851,29.404],[74.82,29.397],[74.782,29.358],[74.74,29.354],[74.72,29.37],[74.658,29.372],[74.655,29.333],[74.604,29.327],[74.603,29.365],[74.578,29.389],[74.566,29.421],[74.537,29.425],[74.548,29.468],[74.585,29.458],[74.595,29.489],[74.623,29.531],[74.576,29.56],[74.585,29.654],[74.61,29.722],[74.601,29.766],[74.547,29.755],[74.535,29.741],[74.478,29.747],[74.474,29.786],[74.482,29.812],[74.509,29.834],[74.538,29.84],[74.561,29.87],[74.544,29.902],[74.51,29.908],[74.527,29.943],[74.448,29.947],[74.297,29.955],[74.099,29.967],[73.895,29.974],[73.887,30.012],[73.904,30.05],[73.93,30.069],[73.971,30.125],[73.973,30.198],[73.83,30.093],[73.807,30.068],[73.597,30.019],[73.397,29.946],[73.332,29.728],[73.282,29.572],[73.084,29.236],[73.004,29.153],[72.946,29.028],[72.733,28.948],[72.662,28.91],[72.479,28.812],[72.404,28.783],[72.355,28.733],[72.299,28.67],[72.279,28.604],[72.206,28.394],[72.132,28.313],[72.004,28.219],[71.927,28.122],[71.898,27.961],[71.875,27.955],[71.715,27.896],[71.666,27.878],[71.383,27.872],[71.206,27.835],[70.906,27.709],[70.872,27.706],[70.759,27.721],[70.684,27.828],[70.677,27.922],[70.599,27.993],[70.59,28.01],[70.554,28.026],[70.506,28.037],[70.439,28.02],[70.372,28.012],[70.296,27.936],[70.227,27.901],[70.198,27.867],[70.133,27.806],[70.072,27.663],[70.026,27.563],[69.934,27.498],[69.891,27.433],[69.863,27.402],[69.76,27.321],[69.702,27.284],[69.645,27.225],[69.587,27.183],[69.513,27.01],[69.498,26.867],[69.484,26.805],[69.51,26.744],[69.722,26.653],[69.792,26.598],[69.886,26.579],[69.935,26.581],[70.056,26.601],[70.117,26.587],[70.174,26.551],[70.185,26.482],[70.177,26.424],[70.185,26.374],[70.164,26.295],[70.175,26.251],[70.168,26.218],[70.141,26.156],[70.083,26.083],[70.1,25.938],[70.174,25.828],[70.222,25.793],[70.252,25.756],[70.269,25.714],[70.359,25.68],[70.387,25.674],[70.448,25.682],[70.53,25.683],[70.609,25.715],[70.647,25.713],[70.674,25.676],[70.667,25.531],[70.679,25.526],[70.672,25.42],[70.665,25.397],[70.737,25.332],[70.752,25.278],[70.889,25.148],[70.92,24.996],[70.938,24.939],[70.992,24.863],[71.034,24.788],[71.066,24.717],[71.096,24.689],[71.112,24.676],[71.187,24.65],[71.288,24.616],[71.314,24.648],[71.348,24.661],[71.359,24.631],[71.423,24.648],[71.478,24.679],[71.573,24.683],[71.608,24.677],[71.655,24.639],[71.706,24.661],[71.736,24.66],[71.792,24.677],[71.81,24.656],[71.803,24.631],[71.852,24.609],[71.865,24.631],[71.858,24.667],[71.872,24.682],[71.907,24.678],[71.926,24.636],[71.978,24.657],[71.984,24.686],[72.013,24.691],[72.058,24.713],[72.085,24.707],[72.09,24.659],[72.125,24.639],[72.15,24.644],[72.165,24.621],[72.217,24.627],[72.234,24.641],[72.271,24.638],[72.296,24.625],[72.32,24.618],[72.335,24.633],[72.339,24.6],[72.264,24.604],[72.247,24.588],[72.29,24.551],[72.323,24.551],[72.331,24.569],[72.368,24.548],[72.38,24.513],[72.413,24.517],[72.444,24.509],[72.43,24.48],[72.457,24.415],[72.5,24.417],[72.493,24.459],[72.537,24.52],[72.576,24.479],[72.656,24.462],[72.681,24.465],[72.689,24.412],[72.733,24.364],[72.804,24.363],[72.85,24.372],[72.891,24.357],[72.911,24.337],[72.959,24.361],[72.954,24.392],[72.955,24.403],[72.968,24.415],[72.979,24.432],[72.969,24.453],[73.001,24.484],[73.02,24.464],[73.044,24.469],[73.087,24.498],[73.096,24.49],[73.103,24.456],[73.101,24.427],[73.077,24.397],[73.153,24.354],[73.197,24.376],[73.219,24.364],[73.199,24.332],[73.182,24.343],[73.167,24.299],[73.135,24.308],[73.124,24.271],[73.104,24.255],[73.092,24.223],[73.067,24.195],[73.13,24.122],[73.184,24.09],[73.212,24.076],[73.193,24.041],[73.23,24.022],[73.243,24.002],[73.282,24.019],[73.326,24.077],[73.333,24.109],[73.349,24.107],[73.361,24.082],[73.386,24.065],[73.415,23.986],[73.42,23.925],[73.379,23.905],[73.354,23.852],[73.368,23.82],[73.367,23.815],[73.352,23.791],[73.372,23.77],[73.411,23.78],[73.474,23.705],[73.507,23.703],[73.506,23.639],[73.523,23.607],[73.569,23.653],[73.615,23.652],[73.642,23.628],[73.648,23.574],[73.633,23.529],[73.656,23.507],[73.627,23.449],[73.653,23.442],[73.691,23.458],[73.713,23.414],[73.767,23.453],[73.779,23.431],[73.819,23.438],[73.888,23.356],[73.89,23.336],[73.939,23.344],[73.938,23.368],[73.96,23.378],[73.981,23.34],[73.998,23.336],[74.025,23.321],[74.038,23.295],[74.101,23.294],[74.133,23.266],[74.134,23.223],[74.119,23.205],[74.121,23.176],[74.148,23.158],[74.185,23.157],[74.203,23.19],[74.267,23.158],[74.277,23.099],[74.319,23.059]]],[[[75.216,24.889],[75.201,24.868],[75.223,24.844],[75.249,24.867],[75.216,24.889]]]]},"properties":{"state":"Rajasthan"}},
{"type":"Feature","geometry":{"type":"Polygon","coordinates":[[[88.032,27.278],[88.03,27.25],[88.014,27.213],[88.043,27.219],[88.073,27.188],[88.089,27.143],[88.136,27.115],[88.162,27.113],[88.195,27.135],[88.23,27.119],[88.277,27.131],[88.302,27.129],[88.361,27.096],[88.433,27.079],[88.46,27.092],[88.469,27.115],[88.496,27.124],[88.532,27.164],[88.521,27.174],[88.543,27.183],[88.598,27.19],[88.636,27.167],[88.663,27.162],[88.685,27.18],[88.746,27.144],[88.757,27.165],[88.799,27.208],[88.804,27.248],[88.831,27.262],[88.879,27.261],[88.903,27.273],[88.909,27.304],[88.918,27.319],[88.883,27.343],[88.863,27.369],[88.838,27.379],[88.807,27.41],[88.777,27.468],[88.788,27.523],[88.773,27.541],[88.769,27.571],[88.804,27.594],[88.804,27.624],[88.848,27.668],[88.838,27.706],[88.86,27.739],[88.858,27.817],[88.881,27.83],[88.888,27.859],[88.87,27.917],[88.837,27.93],[88.844,27.994],[88.836,28.015],[88.803,28.032],[88.755,28.076],[88.666,28.076],[88.628,28.125],[88.619,28.098],[88.583,28.083],[88.566,28.09],[88.545,28.034],[88.496,28.054],[88.468,28.017],[88.415,27.999],[88.41,27.983],[88.352,27.99],[88.286,27.966],[88.253,27.945],[88.237,27.971],[88.184,27.944],[88.145,27.964],[88.12,27.922],[88.14,27.878],[88.203,27.839],[88.186,27.81],[88.178,27.746],[88.158,27.741],[88.145,27.665],[88.12,27.645],[88.114,27.616],[88.075,27.572],[88.044,27.478],[88.072,27.446],[88.073,27.428],[88.047,27.405],[88.042,27.37],[88.067,27.336],[88.054,27.325],[88.032,27.278]]]},"properties":{"state":"Sikkim"}},
{"type":"Feature","geometry":{"type":"Polygon","coordinates":[[[78.231,12.761],[78.134,12.782],[78.09,12.817],[78.077,12.84],[78.031,12.852],[78.018,12.831],[77.99,12.822],[77.964,12.833],[77.941,12.823],[77.917,12.838],[77.939,12.873],[77.929,12.891],[77.89,12.87],[77.868,12.868],[77.837,12.87],[77.799,12.852],[77.794,12.758],[77.762,12.727],[77.761,12.697],[77.74,12.674],[77.679,12.66],[77.66,12.684],[77.599,12.667],[77.597,12.658],[77.606,12.628],[77.591,12.615],[77.579,12.573],[77.587,12.515],[77.615,12.504],[77.607,12.475],[77.627,12.458],[77.62,12.383],[77.613,12.361],[77.579,12.336],[77.566,12.306],[77.527,12.279],[77.488,12.28],[77.474,12.243],[77.472,12.21],[77.519,12.194],[77.613,12.206],[77.731,12.18],[77.747,12.156],[77.776,12.118],[77.756,12.08],[77.727,12.061],[77.696,12.016],[77.676,11.952],[77.624,11.947],[77.604,11.938],[77.561,11.942],[77.538,11.932],[77.493,11.941],[77.491,11.908],[77.465,11.875],[77.45,11.796],[77.428,11.767],[77.396,11.786],[77.369,11.787],[77.335,11.771],[77.294,11.809],[77.25,11.813],[77.239,11.795],[77.189,11.793],[77.111,11.773],[77.112,11.742],[77.083,11.74],[77.039,11.794],[77.013,11.815],[76.983,11.801],[76.97,11.777],[76.909,11.795],[76.888,11.734],[76.85,11.687],[76.835,11.64],[76.847,11.594],[76.823,11.608],[76.671,11.616],[76.614,11.608],[76.56,11.625],[76.551,11.672],[76.512,11.705],[76.457,11.664],[76.431,11.666],[76.443,11.644],[76.388,11.63],[76.378,11.602],[76.336,11.596],[76.302,11.571],[76.274,11.594],[76.234,11.571],[76.239,11.527],[76.248,11.516],[76.248,11.469],[76.284,11.483],[76.325,11.453],[76.342,11.468],[76.371,11.455],[76.462,11.387],[76.548,11.359],[76.55,11.331],[76.522,11.271],[76.453,11.239],[76.439,11.203],[76.51,11.212],[76.534,11.197],[76.601,11.207],[76.63,11.194],[76.707,11.238],[76.731,11.216],[76.69,11.16],[76.707,11.142],[76.745,11.131],[76.739,11.104],[76.755,11.084],[76.746,11.055],[76.694,11.022],[76.686,10.989],[76.667,10.968],[76.659,10.93],[76.739,10.895],[76.78,10.891],[76.831,10.87],[76.87,10.808],[76.901,10.807],[76.902,10.758],[76.866,10.685],[76.884,10.648],[76.868,10.633],[76.831,10.638],[76.817,10.603],[76.838,10.596],[76.828,10.45],[76.816,10.424],[76.824,10.395],[76.849,10.368],[76.838,10.338],[76.83,10.304],[76.875,10.294],[76.873,10.276],[76.901,10.252],[76.913,10.235],[76.939,10.239],[76.982,10.22],[77.051,10.262],[77.056,10.287],[77.091,10.314],[77.12,10.318],[77.177,10.358],[77.235,10.351],[77.228,10.315],[77.263,10.263],[77.26,10.23],[77.288,10.232],[77.275,10.184],[77.267,10.122],[77.238,10.13],[77.201,10.106],[77.203,10.089],[77.262,10.03],[77.255,10.01],[77.273,9.964],[77.238,9.937],[77.218,9.904],[77.22,9.865],[77.236,9.86],[77.227,9.821],[77.247,9.798],[77.205,9.724],[77.207,9.694],[77.18,9.656],[77.168,9.615],[77.204,9.614],[77.237,9.581],[77.27,9.573],[77.304,9.599],[77.366,9.551],[77.385,9.519],[77.402,9.525],[77.393,9.459],[77.366,9.46],[77.339,9.42],[77.338,9.368],[77.283,9.291],[77.282,9.273],[77.28,9.216],[77.252,9.189],[77.266,9.152],[77.247,9.125],[77.212,9.1],[77.208,9.073],[77.193,9.044],[77.167,9.045],[77.149,9.01],[77.173,8.991],[77.197,8.952],[77.192,8.929],[77.238,8.886],[77.256,8.879],[77.263,8.843],[77.232,8.808],[77.23,8.785],[77.2,8.77],[77.197,8.75],[77.17,8.742],[77.207,8.681],[77.201,8.669],[77.244,8.622],[77.269,8.577],[77.284,8.547],[77.262,8.507],[77.24,8.497],[77.214,8.513],[77.214,8.47],[77.198,8.42],[77.16,8.369],[77.167,8.332],[77.119,8.321],[77.096,8.293],[77.149,8.256],[77.185,8.219],[77.235,8.181],[77.298,8.147],[77.316,8.122],[77.352,8.122],[77.423,8.1],[77.551,8.078],[77.559,8.12],[77.589,8.142],[77.649,8.159],[77.675,8.16],[77.746,8.177],[77.784,8.207],[77.804,8.241],[77.889,8.274],[77.953,8.315],[77.972,8.333],[78.057,8.379],[78.063,8.415],[78.13,8.497],[78.124,8.534],[78.137,8.589],[78.127,8.617],[78.136,8.694],[78.17,8.745],[78.158,8.797],[78.168,8.826],[78.166,8.866],[78.189,8.929],[78.215,8.966],[78.272,9.004],[78.385,9.095],[78.415,9.115],[78.531,9.138],[78.579,9.131],[78.602,9.147],[78.65,9.16],[78.648,9.185],[78.678,9.196],[78.715,9.189],[78.733,9.212],[78.875,9.257],[78.896,9.252],[78.924,9.267],[78.983,9.275],[79.069,9.261],[79.143,9.276],[79.209,9.282],[79.221,9.26],[79.291,9.25],[79.423,9.179],[79.327,9.259],[79.315,9.279],[79.335,9.309],[79.313,9.328],[79.291,9.32],[79.271,9.295],[79.21,9.283],[79.158,9.285],[79.071,9.295],[79.013,9.333],[78.98,9.361],[78.924,9.426],[78.9,9.469],[78.913,9.506],[78.925,9.585],[78.96,9.631],[78.98,9.69],[79.037,9.763],[79.059,9.773],[79.107,9.851],[79.153,9.928],[79.198,9.973],[79.244,10.027],[79.25,10.05],[79.229,10.089],[79.226,10.137],[79.242,10.185],[79.279,10.215],[79.267,10.229],[79.298,10.263],[79.329,10.284],[79.36,10.291],[79.388,10.318],[79.472,10.316],[79.594,10.303],[79.709,10.281],[79.766,10.272],[79.858,10.282],[79.88,10.305],[79.867,10.417],[79.854,10.602],[79.851,10.828],[79.831,10.827],[79.818,10.863],[79.824,10.884],[79.777,10.897],[79.725,10.93],[79.748,10.996],[79.829,11.002],[79.854,10.983],[79.858,11.129],[79.856,11.176],[79.834,11.322],[79.832,11.356],[79.813,11.423],[79.798,11.464],[79.777,11.488],[79.757,11.556],[79.761,11.624],[79.796,11.786],[79.756,11.775],[79.72,11.785],[79.737,11.842],[79.798,11.828],[79.805,11.834],[79.807,11.837],[79.77,11.875],[79.74,11.864],[79.685,11.881],[79.722,11.889],[79.741,11.905],[79.697,11.942],[79.721,11.993],[79.743,11.978],[79.749,11.922],[79.785,11.96],[79.81,11.975],[79.841,11.956],[79.857,12.006],[79.841,12.013],[79.85,12.051],[79.874,12.042],[79.885,12.064],[80.009,12.255],[80.026,12.288],[80.067,12.346],[80.113,12.402],[80.157,12.469],[80.169,12.537],[80.255,12.782],[80.249,12.857],[80.259,12.934],[80.287,13.066],[80.301,13.09],[80.299,13.138],[80.313,13.167],[80.332,13.235],[80.345,13.281],[80.347,13.313],[80.325,13.444],[80.301,13.478],[80.269,13.565],[80.241,13.473],[80.226,13.485],[80.162,13.488],[80.145,13.501],[80.078,13.489],[80.077,13.527],[80.028,13.539],[80.027,13.514],[80.007,13.479],[79.972,13.469],[79.973,13.43],[79.94,13.425],[79.958,13.379],[79.931,13.352],[79.868,13.33],[79.863,13.318],[79.817,13.319],[79.792,13.294],[79.761,13.318],[79.735,13.276],[79.795,13.242],[79.76,13.207],[79.708,13.25],[79.694,13.273],[79.652,13.292],[79.629,13.27],[79.606,13.288],[79.574,13.259],[79.54,13.272],[79.537,13.339],[79.511,13.342],[79.499,13.345],[79.398,13.33],[79.414,13.3],[79.418,13.243],[79.453,13.238],[79.454,13.217],[79.432,13.189],[79.392,13.192],[79.356,13.165],[79.361,13.139],[79.329,13.131],[79.31,13.112],[79.284,13.123],[79.277,13.156],[79.254,13.146],[79.227,13.159],[79.234,13.105],[79.189,13.088],[79.192,13.048],[79.163,13.02],[79.109,13.039],[79.081,13.026],[79.063,13.053],[79.035,13.07],[78.983,13.086],[78.955,13.076],[78.924,13.081],[78.906,13.045],[78.881,13.098],[78.842,13.079],[78.813,13.089],[78.788,13.064],[78.751,13.055],[78.715,13.069],[78.705,13.015],[78.656,13.031],[78.656,13.015],[78.621,12.991],[78.653,12.929],[78.634,12.931],[78.603,12.845],[78.608,12.822],[78.593,12.783],[78.558,12.757],[78.564,12.738],[78.555,12.699],[78.504,12.725],[78.504,12.682],[78.468,12.676],[78.472,12.632],[78.413,12.627],[78.379,12.625],[78.296,12.671],[78.276,12.702],[78.24,12.703],[78.231,12.761]]]},"properties":{"state":"Tamil Nadu"}},
{"type":"Feature","geometry":{"type":"Polygon","coordinates":[[[81.086,17.798],[81.047,17.782],[81.009,17.797],[80.996,17.849],[80.998,17.917],[80.989,17.941],[80.97,18.044],[80.953,18.079],[80.956,18.13],[80.979,18.165],[80.952,18.164],[80.9,18.137],[80.867,18.137],[80.859,18.186],[80.872,18.205],[80.866,18.23],[80.824,18.236],[80.824,18.191],[80.799,18.168],[80.756,18.168],[80.737,18.177],[80.737,18.222],[80.793,18.249],[80.749,18.308],[80.748,18.33],[80.72,18.391],[80.696,18.424],[80.702,18.445],[80.656,18.475],[80.608,18.546],[80.535,18.59],[80.515,18.619],[80.487,18.631],[80.458,18.629],[80.396,18.605],[80.345,18.597],[80.319,18.642],[80.306,18.682],[80.272,18.724],[80.252,18.707],[80.218,18.708],[80.179,18.683],[80.156,18.701],[80.112,18.683],[80.088,18.708],[80.055,18.724],[80.019,18.77],[79.973,18.772],[79.921,18.81],[79.914,18.826],[79.962,18.867],[79.954,18.903],[79.958,18.936],[79.942,18.992],[79.938,19.041],[79.87,19.042],[79.858,19.096],[79.874,19.124],[79.931,19.156],[79.942,19.184],[79.924,19.215],[79.936,19.264],[79.966,19.311],[79.959,19.336],[79.978,19.4],[79.948,19.45],[79.944,19.471],[79.905,19.5],[79.864,19.511],[79.832,19.539],[79.805,19.58],[79.779,19.6],[79.735,19.605],[79.714,19.587],[79.632,19.575],[79.615,19.561],[79.6,19.51],[79.551,19.527],[79.54,19.555],[79.519,19.543],[79.501,19.507],[79.469,19.51],[79.433,19.537],[79.406,19.536],[79.366,19.576],[79.318,19.577],[79.307,19.597],[79.273,19.599],[79.237,19.557],[79.24,19.535],[79.207,19.506],[79.222,19.468],[79.19,19.459],[79.162,19.488],[79.105,19.522],[79.046,19.548],[78.998,19.54],[78.94,19.552],[78.968,19.577],[78.956,19.6],[78.955,19.656],[78.902,19.67],[78.888,19.655],[78.852,19.659],[78.86,19.689],[78.841,19.762],[78.797,19.76],[78.786,19.777],[78.738,19.783],[78.719,19.767],[78.699,19.789],[78.604,19.818],[78.553,19.824],[78.515,19.819],[78.485,19.796],[78.475,19.816],[78.423,19.818],[78.387,19.845],[78.381,19.88],[78.337,19.883],[78.307,19.914],[78.3,19.841],[78.336,19.838],[78.334,19.815],[78.357,19.805],[78.365,19.781],[78.343,19.713],[78.312,19.691],[78.276,19.692],[78.263,19.665],[78.29,19.646],[78.304,19.608],[78.304,19.569],[78.275,19.562],[78.299,19.497],[78.304,19.456],[78.269,19.448],[78.245,19.429],[78.22,19.433],[78.192,19.407],[78.172,19.36],[78.193,19.317],[78.177,19.278],[78.175,19.238],[78.143,19.23],[78.117,19.249],[78.056,19.237],[78.043,19.271],[77.944,19.343],[77.912,19.316],[77.863,19.304],[77.866,19.284],[77.903,19.278],[77.903,19.256],[77.871,19.254],[77.848,19.19],[77.86,19.18],[77.838,19.138],[77.849,19.087],[77.805,19.101],[77.8,19.051],[77.765,19.063],[77.763,19.029],[77.774,18.997],[77.822,18.979],[77.816,18.947],[77.859,18.949],[77.843,18.909],[77.884,18.905],[77.903,18.867],[77.949,18.843],[77.93,18.822],[77.907,18.827],[77.84,18.805],[77.79,18.695],[77.76,18.707],[77.73,18.667],[77.75,18.589],[77.738,18.557],[77.702,18.555],[77.665,18.536],[77.64,18.555],[77.596,18.549],[77.6,18.527],[77.576,18.487],[77.584,18.445],[77.557,18.419],[77.552,18.389],[77.525,18.373],[77.532,18.339],[77.558,18.331],[77.571,18.308],[77.551,18.292],[77.6,18.276],[77.573,18.239],[77.585,18.22],[77.575,18.177],[77.597,18.156],[77.597,18.087],[77.548,18.065],[77.554,18.036],[77.628,17.997],[77.648,18],[77.649,17.95],[77.623,17.946],[77.619,17.904],[77.57,17.868],[77.567,17.845],[77.515,17.804],[77.509,17.788],[77.56,17.763],[77.547,17.728],[77.522,17.726],[77.452,17.695],[77.448,17.651],[77.456,17.632],[77.443,17.584],[77.494,17.568],[77.507,17.542],[77.528,17.575],[77.551,17.552],[77.588,17.56],[77.597,17.534],[77.661,17.523],[77.688,17.512],[77.689,17.475],[77.652,17.483],[77.615,17.472],[77.614,17.446],[77.576,17.456],[77.575,17.431],[77.537,17.444],[77.513,17.431],[77.525,17.365],[77.503,17.357],[77.454,17.374],[77.456,17.331],[77.42,17.238],[77.38,17.223],[77.362,17.164],[77.378,17.14],[77.407,17.125],[77.465,17.108],[77.497,17.043],[77.502,17.009],[77.479,16.995],[77.472,16.957],[77.456,16.886],[77.464,16.851],[77.458,16.828],[77.474,16.781],[77.441,16.786],[77.443,16.763],[77.427,16.729],[77.474,16.717],[77.464,16.676],[77.419,16.669],[77.468,16.61],[77.461,16.585],[77.424,16.569],[77.417,16.517],[77.381,16.516],[77.369,16.489],[77.264,16.473],[77.269,16.43],[77.288,16.409],[77.379,16.385],[77.423,16.366],[77.439,16.38],[77.49,16.385],[77.573,16.341],[77.595,16.343],[77.596,16.317],[77.545,16.292],[77.538,16.271],[77.505,16.276],[77.49,16.255],[77.5,16.218],[77.492,16.187],[77.49,16.12],[77.507,16.079],[77.494,16.037],[77.514,16.008],[77.52,15.967],[77.513,15.927],[77.549,15.919],[77.613,15.918],[77.658,15.886],[77.695,15.884],[77.713,15.895],[77.804,15.874],[77.861,15.885],[77.89,15.906],[77.939,15.883],[77.975,15.884],[78.009,15.865],[78.026,15.903],[78.084,15.841],[78.134,15.837],[78.168,15.855],[78.19,15.893],[78.187,15.912],[78.251,15.935],[78.251,15.975],[78.257,16.009],[78.263,16.027],[78.307,16.011],[78.327,16.037],[78.365,16.047],[78.408,16.075],[78.479,16.068],[78.552,16.043],[78.61,16.087],[78.65,16.079],[78.681,16.035],[78.736,16.008],[78.786,16.021],[78.837,16.071],[78.842,16.102],[78.835,16.145],[78.877,16.136],[78.89,16.085],[78.918,16.1],[78.923,16.127],[78.905,16.175],[78.911,16.189],[78.96,16.209],[78.987,16.212],[79.009,16.24],[79.029,16.242],[79.104,16.224],[79.124,16.231],[79.17,16.21],[79.215,16.226],[79.231,16.283],[79.234,16.336],[79.211,16.356],[79.212,16.448],[79.233,16.46],[79.215,16.485],[79.227,16.524],[79.245,16.532],[79.262,16.567],[79.296,16.563],[79.337,16.582],[79.419,16.581],[79.44,16.615],[79.51,16.636],[79.542,16.633],[79.604,16.673],[79.635,16.661],[79.679,16.694],[79.716,16.689],[79.745,16.719],[79.784,16.731],[79.812,16.695],[79.859,16.705],[79.886,16.688],[79.892,16.655],[79.908,16.636],[79.932,16.632],[79.965,16.645],[79.996,16.7],[80.031,16.715],[80.055,16.745],[80.053,16.764],[80.073,16.817],[80.017,16.855],[80.004,16.88],[80.017,16.915],[80.04,16.917],[80.055,16.971],[80.091,16.968],[80.095,16.991],[80.14,16.991],[80.187,17.02],[80.265,16.998],[80.284,17.007],[80.325,16.9],[80.322,16.88],[80.341,16.86],[80.38,16.864],[80.427,16.85],[80.466,16.817],[80.464,16.795],[80.504,16.779],[80.57,16.768],[80.605,16.798],[80.563,16.833],[80.568,16.87],[80.596,16.885],[80.602,16.919],[80.535,16.962],[80.498,16.956],[80.493,16.928],[80.45,16.955],[80.371,16.976],[80.388,17.009],[80.407,17.016],[80.387,17.072],[80.409,17.092],[80.439,17.038],[80.465,17.03],[80.505,17.069],[80.514,17.122],[80.564,17.134],[80.58,17.153],[80.637,17.128],[80.671,17.101],[80.666,17.068],[80.699,17.084],[80.797,17.062],[80.845,17.04],[80.871,17.07],[80.879,17.161],[80.924,17.158],[80.919,17.22],[80.998,17.191],[81.038,17.194],[81.056,17.22],[81.08,17.216],[81.171,17.231],[81.186,17.249],[81.177,17.288],[81.19,17.325],[81.274,17.317],[81.305,17.347],[81.323,17.375],[81.313,17.408],[81.269,17.418],[81.246,17.433],[81.203,17.434],[81.148,17.464],[81.16,17.484],[81.124,17.527],[81.099,17.504],[81.08,17.515],[81.015,17.522],[80.998,17.565],[80.969,17.598],[80.855,17.602],[80.866,17.635],[80.911,17.638],[80.886,17.736],[80.946,17.76],[80.966,17.78],[80.984,17.756],[81.041,17.748],[81.058,17.733],[81.096,17.762],[81.086,17.798]]]},"properties":{"state":"Telangana"}},
{"type":"Feature","geometry":{"type":"Polygon","coordinates":[[[92.213,24.504],[92.17,24.532],[92.156,24.519],[92.152,24.482],[92.168,24.435],[92.139,24.425],[92.119,24.389],[92.077,24.375],[92.044,24.375],[92,24.392],[91.97,24.384],[91.959,24.355],[91.922,24.336],[91.941,24.268],[91.9,24.137],[91.879,24.151],[91.87,24.177],[91.844,24.197],[91.745,24.247],[91.757,24.142],[91.728,24.144],[91.685,24.166],[91.661,24.229],[91.648,24.216],[91.655,24.176],[91.635,24.138],[91.638,24.105],[91.591,24.075],[91.547,24.075],[91.487,24.096],[91.399,24.11],[91.374,24.106],[91.377,24.08],[91.397,24.05],[91.391,24.026],[91.363,23.983],[91.323,23.995],[91.272,23.963],[91.272,23.925],[91.241,23.923],[91.23,23.881],[91.254,23.838],[91.226,23.791],[91.221,23.741],[91.169,23.75],[91.149,23.712],[91.154,23.689],[91.207,23.685],[91.199,23.647],[91.161,23.654],[91.158,23.622],[91.208,23.543],[91.201,23.523],[91.218,23.5],[91.252,23.481],[91.252,23.454],[91.276,23.415],[91.28,23.377],[91.301,23.352],[91.29,23.319],[91.31,23.276],[91.324,23.237],[91.323,23.158],[91.37,23.07],[91.396,23.056],[91.416,23.081],[91.385,23.156],[91.387,23.227],[91.416,23.261],[91.454,23.26],[91.485,23.209],[91.503,23.192],[91.491,23.158],[91.514,23.122],[91.512,23.104],[91.55,23.038],[91.543,22.999],[91.557,22.978],[91.625,22.943],[91.641,22.975],[91.686,22.977],[91.721,22.987],[91.754,23.022],[91.784,23.037],[91.776,23.07],[91.806,23.063],[91.818,23.083],[91.814,23.147],[91.791,23.201],[91.792,23.225],[91.763,23.303],[91.837,23.371],[91.845,23.405],[91.882,23.425],[91.889,23.434],[91.943,23.435],[91.939,23.463],[91.97,23.483],[91.971,23.503],[91.942,23.635],[91.934,23.685],[91.961,23.736],[91.977,23.733],[92,23.67],[92.04,23.649],[92.079,23.649],[92.121,23.693],[92.145,23.734],[92.171,23.739],[92.177,23.709],[92.202,23.706],[92.223,23.652],[92.243,23.731],[92.267,23.743],[92.26,23.813],[92.286,23.822],[92.274,23.848],[92.316,23.862],[92.331,23.919],[92.315,23.93],[92.313,23.968],[92.33,23.984],[92.318,24.017],[92.318,24.062],[92.331,24.107],[92.331,24.18],[92.321,24.208],[92.298,24.227],[92.298,24.253],[92.213,24.25],[92.268,24.368],[92.274,24.389],[92.255,24.42],[92.259,24.439],[92.23,24.462],[92.231,24.5],[92.213,24.504]]]},"properties":{"state":"Tripura"}},
{"type":"Feature","geometry":{"type":"Polygon","coordinates":[[[77.576,30.397],[77.585,30.405],[77.677,30.388],[77.721,30.331],[77.766,30.314],[77.846,30.272],[77.886,30.267],[77.962,30.242],[77.919,30.211],[77.912,30.183],[77.866,30.119],[77.828,30.086],[77.801,30.095],[77.77,30.043],[77.785,30.028],[77.744,29.984],[77.76,29.964],[77.73,29.932],[77.747,29.91],[77.717,29.887],[77.723,29.856],[77.742,29.852],[77.756,29.806],[77.78,29.765],[77.77,29.718],[77.81,29.702],[77.82,29.674],[77.839,29.67],[77.879,29.7],[77.911,29.696],[77.926,29.714],[77.983,29.641],[77.976,29.617],[77.948,29.617],[77.933,29.601],[77.967,29.58],[78.022,29.581],[78.018,29.598],[78.057,29.631],[78.131,29.653],[78.181,29.697],[78.196,29.693],[78.204,29.737],[78.246,29.735],[78.293,29.759],[78.336,29.797],[78.377,29.774],[78.427,29.765],[78.445,29.75],[78.489,29.738],[78.517,29.719],[78.521,29.658],[78.565,29.601],[78.618,29.558],[78.65,29.546],[78.711,29.5],[78.746,29.5],[78.8,29.465],[78.811,29.466],[78.921,29.434],[78.912,29.394],[78.856,29.35],[78.822,29.359],[78.795,29.325],[78.767,29.336],[78.727,29.306],[78.771,29.265],[78.82,29.232],[78.838,29.241],[78.872,29.224],[78.935,29.13],[78.975,29.13],[79.025,29.112],[79.051,29.157],[79.075,29.152],[79.153,29.114],[79.143,29.067],[79.172,29.045],[79.178,29.013],[79.204,29.021],[79.245,29.01],[79.261,28.991],[79.311,28.974],[79.356,28.968],[79.372,28.986],[79.391,28.947],[79.408,28.952],[79.428,28.913],[79.422,28.9],[79.426,28.866],[79.533,28.87],[79.556,28.899],[79.584,28.879],[79.584,28.846],[79.621,28.863],[79.656,28.87],[79.683,28.85],[79.707,28.841],[79.749,28.872],[79.789,28.873],[79.8,28.887],[79.846,28.873],[79.845,28.851],[79.824,28.807],[79.85,28.8],[79.863,28.838],[79.888,28.837],[79.874,28.796],[79.925,28.775],[79.954,28.723],[80.03,28.749],[80.068,28.803],[80.065,28.837],[80.058,28.917],[80.077,28.945],[80.101,28.987],[80.127,29.006],[80.129,29.063],[80.143,29.099],[80.183,29.137],[80.233,29.118],[80.271,29.148],[80.258,29.165],[80.263,29.206],[80.294,29.198],[80.304,29.285],[80.317,29.315],[80.296,29.325],[80.271,29.365],[80.276,29.391],[80.246,29.408],[80.242,29.444],[80.303,29.454],[80.299,29.491],[80.342,29.51],[80.407,29.595],[80.416,29.651],[80.383,29.677],[80.365,29.747],[80.386,29.752],[80.408,29.793],[80.464,29.802],[80.494,29.797],[80.5,29.817],[80.553,29.853],[80.572,29.895],[80.579,29.932],[80.605,29.959],[80.63,29.965],[80.674,29.957],[80.719,30.001],[80.737,29.999],[80.806,30.09],[80.845,30.102],[80.877,30.134],[80.867,30.17],[80.903,30.215],[80.918,30.19],[80.96,30.179],[81.029,30.196],[81.03,30.249],[81.006,30.263],[80.863,30.299],[80.822,30.316],[80.746,30.397],[80.714,30.408],[80.678,30.437],[80.656,30.442],[80.586,30.482],[80.539,30.449],[80.498,30.484],[80.448,30.498],[80.413,30.525],[80.386,30.515],[80.319,30.559],[80.283,30.572],[80.253,30.565],[80.227,30.579],[80.221,30.642],[80.197,30.662],[80.198,30.68],[80.235,30.688],[80.25,30.742],[80.217,30.749],[80.178,30.804],[80.158,30.806],[80.122,30.777],[80.1,30.787],[80.077,30.815],[80.025,30.848],[79.99,30.879],[79.962,30.89],[79.929,30.882],[79.91,30.915],[79.89,30.919],[79.876,30.968],[79.856,30.977],[79.816,30.974],[79.775,30.989],[79.753,31.008],[79.738,30.984],[79.665,30.97],[79.602,30.94],[79.556,30.957],[79.519,31.027],[79.503,31.033],[79.425,31.03],[79.425,31.071],[79.411,31.075],[79.399,31.108],[79.333,31.127],[79.301,31.168],[79.303,31.19],[79.28,31.235],[79.252,31.243],[79.271,31.287],[79.239,31.314],[79.246,31.33],[79.192,31.363],[79.182,31.385],[79.144,31.425],[79.056,31.455],[79.052,31.42],[79.018,31.386],[79.011,31.357],[78.948,31.32],[78.933,31.253],[78.912,31.251],[78.922,31.225],[78.958,31.187],[78.986,31.174],[78.991,31.138],[79.006,31.119],[78.959,31.099],[78.89,31.097],[78.844,31.128],[78.811,31.172],[78.81,31.198],[78.769,31.186],[78.662,31.189],[78.649,31.213],[78.607,31.229],[78.58,31.226],[78.552,31.2],[78.484,31.199],[78.462,31.236],[78.436,31.254],[78.407,31.256],[78.37,31.286],[78.311,31.283],[78.283,31.266],[78.243,31.229],[78.22,31.234],[78.198,31.218],[78.16,31.225],[78.104,31.185],[78.066,31.187],[78.029,31.162],[77.985,31.157],[77.969,31.172],[77.925,31.15],[77.908,31.154],[77.889,31.119],[77.864,31.109],[77.851,31.073],[77.816,31.05],[77.83,31.029],[77.807,31.027],[77.824,30.988],[77.81,30.956],[77.769,30.974],[77.749,30.953],[77.762,30.919],[77.804,30.924],[77.806,30.853],[77.757,30.86],[77.758,30.835],[77.721,30.776],[77.704,30.764],[77.756,30.707],[77.747,30.68],[77.773,30.669],[77.787,30.614],[77.757,30.604],[77.772,30.559],[77.806,30.554],[77.828,30.531],[77.819,30.508],[77.783,30.501],[77.721,30.473],[77.688,30.447],[77.654,30.448],[77.646,30.433],[77.599,30.428],[77.576,30.397]]]},"properties":{"state":"Uttarakhand"}},
{"type":"Feature","geometry":{"type":"Polygon","coordinates":[[[89.863,26.701],[89.807,26.711],[89.771,26.701],[89.753,26.735],[89.723,26.723],[89.643,26.749],[89.651,26.776],[89.569,26.799],[89.56,26.813],[89.511,26.814],[89.461,26.806],[89.439,26.84],[89.39,26.842],[89.379,26.862],[89.271,26.825],[89.193,26.811],[89.176,26.819],[89.134,26.808],[89.101,26.842],[89.096,26.892],[89.03,26.923],[89.021,26.941],[88.98,26.917],[88.944,26.934],[88.952,26.968],[88.922,26.994],[88.872,26.964],[88.871,26.993],[88.88,27.066],[88.866,27.11],[88.746,27.144],[88.685,27.18],[88.663,27.162],[88.636,27.167],[88.598,27.19],[88.543,27.183],[88.521,27.174],[88.532,27.164],[88.496,27.124],[88.469,27.115],[88.46,27.092],[88.433,27.079],[88.361,27.096],[88.302,27.129],[88.277,27.131],[88.23,27.119],[88.195,27.135],[88.162,27.113],[88.136,27.115],[88.089,27.143],[88.073,27.188],[88.043,27.219],[88.014,27.213],[88.007,27.143],[87.991,27.13],[88.038,27.036],[88.078,27.035],[88.118,26.987],[88.12,26.95],[88.145,26.915],[88.136,26.899],[88.174,26.86],[88.168,26.837],[88.188,26.772],[88.182,26.72],[88.168,26.697],[88.163,26.646],[88.142,26.626],[88.124,26.573],[88.103,26.54],[88.13,26.516],[88.179,26.548],[88.226,26.556],[88.23,26.535],[88.18,26.5],[88.18,26.488],[88.239,26.452],[88.264,26.428],[88.227,26.389],[88.247,26.374],[88.268,26.381],[88.282,26.358],[88.258,26.336],[88.224,26.288],[88.185,26.274],[88.174,26.256],[88.144,26.252],[88.139,26.227],[88.116,26.225],[88.072,26.174],[88.037,26.179],[88.02,26.16],[87.979,26.138],[87.986,26.106],[87.953,26.075],[87.906,26.072],[87.857,26.036],[87.854,26.032],[87.849,25.995],[87.845,25.993],[87.833,25.928],[87.82,25.934],[87.808,25.912],[87.822,25.882],[87.83,25.87],[87.892,25.866],[87.891,25.835],[87.906,25.785],[87.942,25.769],[87.966,25.726],[88.049,25.697],[88.046,25.635],[88.026,25.586],[88.037,25.538],[88.071,25.517],[88.073,25.484],[88.01,25.503],[87.995,25.5],[87.964,25.539],[87.917,25.531],[87.904,25.509],[87.868,25.494],[87.839,25.468],[87.823,25.437],[87.787,25.45],[87.766,25.385],[87.792,25.374],[87.797,25.325],[87.855,25.297],[87.855,25.255],[87.827,25.235],[87.79,25.251],[87.776,25.257],[87.781,25.252],[87.776,25.253],[87.787,25.247],[87.788,25.191],[87.774,25.125],[87.808,25.072],[87.857,25.055],[87.899,25.007],[87.941,24.991],[87.958,24.971],[87.963,24.935],[87.95,24.905],[87.923,24.89],[87.897,24.858],[87.896,24.823],[87.869,24.775],[87.828,24.755],[87.845,24.74],[87.905,24.725],[87.901,24.694],[87.917,24.666],[87.906,24.629],[87.913,24.593],[87.89,24.566],[87.828,24.558],[87.812,24.579],[87.791,24.572],[87.814,24.509],[87.811,24.476],[87.793,24.431],[87.799,24.394],[87.764,24.339],[87.762,24.308],[87.729,24.288],[87.688,24.246],[87.64,24.254],[87.639,24.214],[87.676,24.208],[87.697,24.188],[87.694,24.15],[87.642,24.153],[87.608,24.166],[87.577,24.157],[87.591,24.127],[87.56,24.082],[87.523,24.113],[87.5,24.102],[87.493,24.054],[87.512,24.036],[87.441,23.981],[87.36,24.013],[87.337,24.034],[87.287,24.029],[87.248,24.045],[87.233,24.024],[87.26,23.972],[87.294,23.957],[87.284,23.938],[87.291,23.893],[87.242,23.87],[87.254,23.846],[87.238,23.826],[87.214,23.851],[87.18,23.852],[87.134,23.87],[87.13,23.854],[87.154,23.829],[87.152,23.799],[87.087,23.809],[87.011,23.853],[86.966,23.865],[86.934,23.854],[86.916,23.882],[86.896,23.878],[86.853,23.825],[86.827,23.814],[86.801,23.834],[86.803,23.801],[86.828,23.764],[86.814,23.746],[86.806,23.696],[86.747,23.679],[86.719,23.699],[86.637,23.676],[86.612,23.676],[86.574,23.648],[86.535,23.631],[86.488,23.638],[86.461,23.63],[86.412,23.575],[86.399,23.579],[86.369,23.541],[86.375,23.509],[86.352,23.442],[86.321,23.443],[86.289,23.429],[86.234,23.421],[86.229,23.443],[86.149,23.465],[86.161,23.509],[86.158,23.541],[86.129,23.568],[86.081,23.566],[86.041,23.577],[86.016,23.547],[86.038,23.498],[86.023,23.486],[85.955,23.471],[85.887,23.484],[85.87,23.475],[85.865,23.431],[85.899,23.405],[85.873,23.391],[85.868,23.33],[85.839,23.307],[85.82,23.269],[85.883,23.196],[85.894,23.156],[85.914,23.149],[85.957,23.161],[86.045,23.144],[86.051,23.107],[86.099,23.084],[86.127,23.087],[86.143,23.054],[86.184,23.006],[86.239,22.996],[86.292,23.013],[86.34,22.99],[86.354,22.999],[86.4,22.98],[86.425,22.997],[86.446,22.988],[86.498,22.992],[86.521,22.971],[86.491,22.938],[86.465,22.945],[86.435,22.925],[86.465,22.894],[86.418,22.784],[86.47,22.751],[86.477,22.735],[86.513,22.717],[86.545,22.723],[86.558,22.712],[86.619,22.679],[86.642,22.657],[86.633,22.611],[86.659,22.575],[86.71,22.583],[86.766,22.575],[86.797,22.507],[86.793,22.478],[86.75,22.483],[86.765,22.427],[86.807,22.421],[86.846,22.399],[86.832,22.346],[86.838,22.32],[86.888,22.297],[86.887,22.258],[86.823,22.267],[86.802,22.218],[86.777,22.226],[86.76,22.212],[86.725,22.218],[86.716,22.186],[86.72,22.147],[86.802,22.151],[86.807,22.12],[86.85,22.104],[86.965,22.086],[86.994,22.055],[87.027,22.037],[87.032,21.992],[87.009,21.948],[87.009,21.9],[87.036,21.869],[87.098,21.867],[87.091,21.901],[87.107,21.922],[87.142,21.924],[87.163,21.939],[87.164,21.967],[87.226,21.958],[87.25,21.935],[87.236,21.907],[87.277,21.805],[87.404,21.771],[87.44,21.77],[87.445,21.748],[87.474,21.713],[87.467,21.664],[87.485,21.611],[87.551,21.632],[87.674,21.653],[87.718,21.668],[87.747,21.7],[87.785,21.694],[87.861,21.754],[87.892,21.796],[87.936,21.819],[87.968,21.855],[88.012,21.921],[88.036,21.982],[88.063,22.013],[88.154,22.064],[88.183,22.094],[88.19,22.117],[88.137,22.184],[88.103,22.192],[88.067,22.189],[88.045,22.207],[88.019,22.199],[87.948,22.255],[87.956,22.27],[87.968,22.265],[88,22.243],[88.024,22.217],[88.061,22.206],[88.145,22.194],[88.18,22.174],[88.208,22.107],[88.194,22.071],[88.142,22.015],[88.123,21.996],[88.066,21.919],[88.069,21.906],[88.031,21.818],[87.961,21.678],[88.004,21.646],[88.01,21.616],[88.008,21.555],[88.062,21.574],[88.12,21.573],[88.188,21.532],[88.29,21.545],[88.331,21.54],[88.432,21.548],[88.521,21.522],[88.615,21.539],[88.637,21.555],[88.71,21.539],[88.852,21.526],[88.895,21.526],[89.127,21.575],[89.156,21.593],[89.143,21.652],[89.088,21.707],[89.067,21.743],[89.028,21.788],[89.043,21.833],[89.039,21.875],[89.02,21.893],[89.025,21.921],[89.066,21.931],[89.08,21.984],[89.073,22.019],[89.043,22.062],[89.038,22.092],[89.06,22.12],[89.074,22.145],[89.064,22.164],[89.072,22.197],[89.037,22.235],[89.034,22.258],[88.996,22.285],[89.024,22.299],[88.984,22.327],[88.994,22.388],[88.972,22.41],[88.998,22.435],[88.996,22.47],[88.981,22.483],[88.96,22.551],[88.942,22.559],[88.941,22.595],[88.927,22.649],[88.961,22.689],[88.928,22.718],[88.911,22.758],[88.936,22.791],[88.958,22.797],[88.968,22.845],[88.95,22.873],[88.927,22.873],[88.898,22.898],[88.894,22.952],[88.858,22.947],[88.865,22.999],[88.884,23.037],[88.868,23.07],[88.869,23.101],[88.891,23.108],[88.92,23.141],[88.935,23.172],[88.987,23.203],[88.976,23.225],[88.946,23.207],[88.912,23.234],[88.881,23.23],[88.814,23.252],[88.806,23.219],[88.779,23.221],[88.752,23.24],[88.719,23.255],[88.696,23.302],[88.727,23.3],[88.733,23.328],[88.761,23.385],[88.749,23.399],[88.765,23.449],[88.791,23.449],[88.792,23.503],[88.746,23.483],[88.674,23.549],[88.66,23.549],[88.639,23.597],[88.601,23.607],[88.594,23.641],[88.574,23.667],[88.568,23.715],[88.58,23.758],[88.571,23.783],[88.601,23.815],[88.588,23.828],[88.587,23.872],[88.613,23.876],[88.654,23.867],[88.707,23.916],[88.735,23.915],[88.732,23.961],[88.761,24.006],[88.735,24.017],[88.726,24.041],[88.742,24.057],[88.7,24.095],[88.708,24.12],[88.746,24.147],[88.732,24.172],[88.741,24.254],[88.725,24.298],[88.697,24.315],[88.588,24.315],[88.568,24.327],[88.555,24.293],[88.527,24.344],[88.508,24.342],[88.43,24.384],[88.389,24.372],[88.328,24.385],[88.263,24.446],[88.204,24.459],[88.167,24.498],[88.149,24.504],[88.106,24.546],[88.039,24.645],[88.009,24.668],[88.063,24.722],[88.066,24.751],[88.111,24.812],[88.166,24.863],[88.153,24.884],[88.15,24.932],[88.17,24.95],[88.225,24.96],[88.26,24.919],[88.267,24.887],[88.294,24.889],[88.331,24.87],[88.328,24.904],[88.341,24.941],[88.381,24.939],[88.395,24.969],[88.436,25.006],[88.447,25.042],[88.435,25.055],[88.446,25.083],[88.441,25.127],[88.46,25.141],[88.443,25.196],[88.48,25.211],[88.56,25.191],[88.58,25.177],[88.619,25.205],[88.674,25.2],[88.713,25.207],[88.734,25.185],[88.813,25.174],[88.831,25.206],[88.865,25.201],[88.875,25.179],[88.932,25.181],[88.958,25.209],[88.951,25.244],[89.009,25.297],[88.982,25.306],[88.939,25.301],[88.885,25.326],[88.838,25.368],[88.826,25.444],[88.839,25.459],[88.81,25.523],[88.78,25.515],[88.759,25.525],[88.742,25.505],[88.707,25.5],[88.694,25.474],[88.646,25.48],[88.603,25.516],[88.573,25.509],[88.537,25.521],[88.528,25.543],[88.5,25.551],[88.5,25.584],[88.445,25.597],[88.454,25.664],[88.402,25.673],[88.337,25.738],[88.266,25.782],[88.27,25.808],[88.232,25.8],[88.19,25.802],[88.173,25.787],[88.115,25.798],[88.102,25.828],[88.114,25.854],[88.094,25.874],[88.091,25.926],[88.122,25.95],[88.121,25.975],[88.172,26.033],[88.182,26.074],[88.158,26.095],[88.178,26.122],[88.177,26.148],[88.216,26.163],[88.247,26.19],[88.276,26.189],[88.352,26.226],[88.35,26.282],[88.372,26.306],[88.434,26.335],[88.444,26.36],[88.48,26.351],[88.523,26.361],[88.494,26.423],[88.485,26.46],[88.36,26.485],[88.335,26.497],[88.349,26.509],[88.37,26.56],[88.376,26.595],[88.409,26.635],[88.421,26.571],[88.448,26.535],[88.484,26.541],[88.53,26.481],[88.557,26.485],[88.565,26.457],[88.623,26.471],[88.63,26.435],[88.65,26.43],[88.704,26.342],[88.744,26.349],[88.731,26.318],[88.675,26.32],[88.668,26.272],[88.76,26.3],[88.793,26.31],[88.813,26.297],[88.813,26.257],[88.838,26.233],[88.87,26.234],[88.861,26.272],[88.876,26.287],[88.926,26.284],[88.953,26.242],[89.021,26.245],[89.059,26.254],[89.04,26.281],[88.997,26.3],[88.975,26.351],[88.914,26.365],[88.928,26.433],[88.957,26.455],[88.983,26.447],[89.006,26.421],[89.041,26.4],[89.092,26.394],[89.094,26.326],[89.136,26.32],[89.12,26.287],[89.142,26.215],[89.135,26.181],[89.155,26.14],[89.194,26.126],[89.219,26.127],[89.261,26.086],[89.254,26.064],[89.278,26.049],[89.321,26.038],[89.34,26.015],[89.383,26.011],[89.406,26.04],[89.427,26.013],[89.48,25.996],[89.519,26.009],[89.541,25.969],[89.587,25.98],[89.579,26.026],[89.637,26.075],[89.63,26.118],[89.596,26.135],[89.613,26.178],[89.644,26.183],[89.636,26.224],[89.672,26.22],[89.675,26.199],[89.71,26.156],[89.719,26.166],[89.704,26.178],[89.733,26.212],[89.739,26.271],[89.76,26.317],[89.784,26.331],[89.783,26.351],[89.816,26.352],[89.843,26.377],[89.836,26.411],[89.858,26.411],[89.873,26.451],[89.856,26.492],[89.869,26.554],[89.866,26.577],[89.878,26.616],[89.874,26.686],[89.863,26.701]]]},"properties":{"state":"West Bengal"}},
{"type":"Feature","geometry":{"type":"Polygon","coordinates":[[[84.76,19.08],[84.794,19.122],[84.811,19.157],[84.85,19.202],[84.93,19.276],[84.984,19.318],[85.079,19.374],[85.106,19.414],[85.173,19.467],[85.285,19.546],[85.381,19.603],[85.499,19.657],[85.678,19.744],[85.8,19.787],[85.948,19.828],[86.058,19.85],[86.224,19.899],[86.31,19.941],[86.388,19.955],[86.378,19.967],[86.415,19.999],[86.434,20.052],[86.491,20.116],[86.52,20.17],[86.605,20.229],[86.722,20.29],[86.779,20.337],[86.807,20.372],[86.806,20.396],[86.775,20.405],[86.751,20.388],[86.725,20.393],[86.729,20.441],[86.775,20.521],[86.876,20.596],[87.026,20.693],[87,20.698],[87.006,20.735],[86.992,20.77],[86.95,20.776],[86.967,20.791],[86.981,20.846],[86.918,20.959],[86.894,21.013],[86.867,21.051],[86.842,21.125],[86.842,21.181],[86.829,21.209],[86.89,21.308],[86.983,21.411],[87.108,21.5],[87.169,21.533],[87.254,21.554],[87.369,21.553],[87.41,21.586],[87.485,21.611],[87.467,21.664],[87.474,21.713],[87.445,21.748],[87.44,21.77],[87.404,21.771],[87.277,21.805],[87.236,21.907],[87.25,21.935],[87.226,21.958],[87.164,21.967],[87.163,21.939],[87.142,21.924],[87.107,21.922],[87.091,21.901],[87.098,21.867],[87.036,21.869],[87.009,21.9],[87.009,21.948],[87.032,21.992],[87.027,22.037],[86.994,22.055],[86.965,22.086],[86.85,22.104],[86.807,22.12],[86.802,22.151],[86.72,22.147],[86.716,22.186],[86.725,22.218],[86.687,22.222],[86.65,22.264],[86.582,22.302],[86.525,22.308],[86.502,22.343],[86.487,22.348],[86.445,22.312],[86.409,22.321],[86.358,22.349],[86.321,22.385],[86.321,22.397],[86.269,22.442],[86.225,22.453],[86.208,22.473],[86.124,22.489],[86.103,22.5],[86.065,22.555],[86.045,22.568],[86.001,22.515],[85.985,22.515],[85.963,22.485],[85.96,22.461],[85.983,22.437],[86.015,22.429],[86.024,22.395],[86.011,22.341],[86.023,22.309],[85.989,22.267],[85.986,22.237],[86.031,22.193],[86.005,22.15],[86.008,22.118],[85.944,22.02],[85.931,22.023],[85.898,21.984],[85.853,21.984],[85.824,21.975],[85.783,21.985],[85.759,22.009],[85.784,22.04],[85.775,22.056],[85.793,22.082],[85.823,22.074],[85.833,22.093],[85.807,22.116],[85.757,22.079],[85.708,22.058],[85.677,22.057],[85.654,22.094],[85.597,22.079],[85.492,22.12],[85.412,22.162],[85.367,22.159],[85.361,22.132],[85.323,22.127],[85.281,22.09],[85.239,22.01],[85.221,22.018],[85.215,22.048],[85.144,22.08],[85.12,22.073],[85.099,22.105],[85.042,22.116],[84.994,22.081],[84.983,22.096],[85.027,22.123],[85.029,22.163],[85.054,22.185],[85.078,22.258],[85.071,22.274],[85.1,22.294],[85.089,22.32],[85.095,22.347],[85.082,22.417],[85.068,22.428],[85.067,22.484],[85.038,22.48],[84.973,22.451],[84.958,22.456],[84.91,22.423],[84.882,22.448],[84.842,22.432],[84.806,22.448],[84.759,22.447],[84.75,22.419],[84.668,22.418],[84.629,22.435],[84.536,22.427],[84.477,22.408],[84.477,22.387],[84.431,22.371],[84.4,22.346],[84.297,22.341],[84.269,22.355],[84.251,22.378],[84.2,22.376],[84.141,22.426],[84.142,22.473],[84.115,22.475],[84.061,22.516],[84.01,22.526],[83.981,22.522],[83.981,22.502],[84.041,22.473],[84.047,22.438],[84.031,22.427],[84.004,22.374],[83.907,22.352],[83.899,22.338],[83.866,22.343],[83.831,22.323],[83.825,22.292],[83.802,22.29],[83.779,22.274],[83.758,22.24],[83.706,22.247],[83.666,22.233],[83.628,22.204],[83.608,22.154],[83.563,22.103],[83.596,22.072],[83.59,22.055],[83.55,22.054],[83.54,22.022],[83.556,22.008],[83.537,21.978],[83.562,21.948],[83.59,21.93],[83.574,21.875],[83.591,21.851],[83.579,21.832],[83.54,21.837],[83.54,21.799],[83.494,21.813],[83.472,21.788],[83.487,21.749],[83.452,21.695],[83.419,21.681],[83.445,21.659],[83.487,21.644],[83.466,21.61],[83.444,21.624],[83.442,21.655],[83.382,21.619],[83.365,21.576],[83.347,21.49],[83.354,21.448],[83.399,21.405],[83.39,21.343],[83.269,21.379],[83.259,21.337],[83.268,21.277],[83.246,21.281],[83.223,21.266],[83.222,21.232],[83.199,21.164],[83.198,21.145],[83.167,21.139],[83.139,21.11],[83.078,21.112],[83.012,21.145],[82.965,21.193],[82.932,21.163],[82.901,21.167],[82.882,21.149],[82.841,21.168],[82.8,21.156],[82.789,21.143],[82.756,21.166],[82.693,21.166],[82.637,21.145],[82.653,21.129],[82.636,21.091],[82.612,21.075],[82.63,21.041],[82.573,20.974],[82.559,20.948],[82.49,20.91],[82.49,20.877],[82.464,20.829],[82.42,20.831],[82.405,20.87],[82.346,20.873],[82.34,20.847],[82.342,20.768],[82.354,20.736],[82.35,20.706],[82.374,20.667],[82.376,20.632],[82.344,20.596],[82.336,20.555],[82.357,20.53],[82.39,20.518],[82.391,20.491],[82.438,20.434],[82.4,20.339],[82.432,20.313],[82.435,20.285],[82.411,20.26],[82.422,20.221],[82.411,20.181],[82.39,20.164],[82.398,20.124],[82.4,20.056],[82.494,20.024],[82.55,20.018],[82.59,19.994],[82.633,20.005],[82.715,19.996],[82.72,19.948],[82.707,19.902],[82.72,19.857],[82.704,19.832],[82.652,19.832],[82.624,19.792],[82.595,19.775],[82.576,19.833],[82.604,19.866],[82.505,19.891],[82.485,19.908],[82.418,19.904],[82.344,19.835],[82.304,19.889],[82.269,19.975],[82.237,20.003],[82.188,19.986],[82.172,20.005],[82.128,20.014],[82.07,20.057],[82.022,20.024],[82.018,20.049],[81.946,20.105],[81.926,20.092],[81.897,20.05],[81.876,20.052],[81.865,20.027],[81.852,19.923],[81.87,19.903],[81.968,19.86],[81.965,19.837],[81.986,19.801],[82.06,19.796],[82.063,19.758],[82.05,19.742],[82.045,19.701],[82.059,19.628],[82.04,19.598],[82.051,19.549],[82.029,19.508],[82.1,19.517],[82.103,19.466],[82.127,19.431],[82.178,19.437],[82.189,19.415],[82.179,19.38],[82.153,19.377],[82.149,19.353],[82.186,19.337],[82.158,19.265],[82.162,19.202],[82.186,19.166],[82.168,19.136],[82.209,19.121],[82.219,19.095],[82.202,19.067],[82.23,19.027],[82.246,18.919],[82.217,18.922],[82.175,18.901],[82.162,18.855],[82.169,18.836],[82.156,18.785],[82.089,18.76],[82.091,18.738],[82.085,18.719],[82.017,18.719],[81.968,18.696],[81.969,18.673],[81.949,18.644],[81.922,18.643],[81.902,18.661],[81.901,18.661],[81.894,18.643],[81.963,18.595],[81.95,18.57],[81.906,18.561],[81.868,18.525],[81.856,18.491],[81.769,18.417],[81.75,18.353],[81.659,18.347],[81.662,18.325],[81.601,18.31],[81.562,18.274],[81.532,18.266],[81.53,18.24],[81.507,18.186],[81.526,18.16],[81.513,18.136],[81.514,18.104],[81.48,18.051],[81.482,17.976],[81.449,17.932],[81.448,17.889],[81.407,17.896],[81.394,17.868],[81.403,17.85],[81.392,17.815],[81.417,17.814],[81.476,17.837],[81.486,17.814],[81.564,17.826],[81.573,17.837],[81.616,17.822],[81.64,17.839],[81.662,17.881],[81.687,17.886],[81.71,17.872],[81.79,17.921],[81.81,17.951],[81.905,17.977],[81.917,17.99],[81.961,17.999],[81.994,18.027],[82.009,18.058],[82.037,18.068],[82.066,18.057],[82.077,18.075],[82.169,18.052],[82.187,18.015],[82.222,18.002],[82.269,18.001],[82.273,18.057],[82.291,18.069],[82.344,18.058],[82.349,18.088],[82.334,18.127],[82.353,18.172],[82.315,18.184],[82.337,18.241],[82.345,18.281],[82.375,18.281],[82.392,18.298],[82.392,18.326],[82.34,18.323],[82.384,18.366],[82.383,18.434],[82.404,18.464],[82.43,18.486],[82.439,18.507],[82.481,18.54],[82.505,18.514],[82.526,18.516],[82.533,18.487],[82.519,18.466],[82.558,18.44],[82.541,18.422],[82.561,18.4],[82.606,18.376],[82.611,18.332],[82.594,18.328],[82.598,18.264],[82.638,18.237],[82.657,18.296],[82.715,18.322],[82.771,18.338],[82.791,18.363],[82.782,18.431],[82.816,18.451],[82.87,18.419],[82.895,18.424],[82.902,18.374],[82.967,18.359],[82.998,18.386],[83.022,18.392],[83.054,18.38],[83.077,18.404],[83.021,18.456],[83.055,18.486],[83.095,18.548],[83.043,18.547],[83.033,18.579],[83,18.62],[83.025,18.654],[83.058,18.665],[83.073,18.705],[83.102,18.733],[83.139,18.785],[83.193,18.753],[83.225,18.751],[83.243,18.768],[83.281,18.774],[83.284,18.798],[83.348,18.827],[83.406,18.844],[83.397,18.879],[83.319,18.972],[83.315,19.001],[83.348,19.017],[83.384,19.001],[83.401,19.009],[83.462,18.955],[83.47,18.969],[83.452,19.013],[83.478,19.008],[83.466,19.08],[83.511,19.068],[83.517,19.032],[83.575,19.061],[83.593,19.093],[83.602,19.136],[83.647,19.13],[83.661,19.081],[83.685,19.059],[83.754,18.925],[83.762,18.95],[83.748,18.996],[83.795,19.018],[83.822,18.96],[83.826,18.919],[83.846,18.914],[83.844,18.876],[83.893,18.816],[83.905,18.827],[83.942,18.808],[83.973,18.815],[84.005,18.809],[84.038,18.816],[84.089,18.757],[84.169,18.788],[84.192,18.779],[84.226,18.799],[84.261,18.783],[84.287,18.792],[84.321,18.786],[84.343,18.808],[84.345,18.849],[84.396,18.893],[84.418,18.897],[84.439,18.923],[84.426,18.951],[84.448,18.976],[84.479,18.988],[84.497,19.031],[84.569,19.07],[84.594,19.022],[84.618,19.066],[84.66,19.063],[84.664,19.088],[84.61,19.101],[84.603,19.127],[84.655,19.129],[84.671,19.166],[84.711,19.159],[84.698,19.126],[84.76,19.08]]]},"properties":{"state":"Odisha"}},
{"type":"Feature","geometry":{"type":"Polygon","coordinates":[[[76.837,30.754],[76.816,30.753],[76.772,30.795],[76.744,30.77],[76.706,30.756],[76.753,30.684],[76.809,30.667],[76.829,30.681],[76.849,30.723],[76.837,30.754]]]},"properties":{"state":"Chandigarh"}},
{"type":"Feature","geometry":{"type":"Polygon","coordinates":[[[83.864,27.347],[83.831,27.37],[83.614,27.469],[83.389,27.48],[83.385,27.443],[83.403,27.402],[83.385,27.39],[83.355,27.345],[83.337,27.333],[83.292,27.335],[83.265,27.365],[83.272,27.383],[83.211,27.423],[83.188,27.454],[83.166,27.457],[83.035,27.449],[82.954,27.468],[82.929,27.501],[82.833,27.502],[82.801,27.496],[82.735,27.503],[82.749,27.522],[82.739,27.551],[82.752,27.585],[82.735,27.609],[82.718,27.687],[82.689,27.715],[82.605,27.706],[82.541,27.686],[82.517,27.691],[82.473,27.677],[82.449,27.679],[82.402,27.704],[82.368,27.743],[82.303,27.773],[82.209,27.843],[82.154,27.867],[82.121,27.866],[82.062,27.922],[81.968,27.929],[81.925,27.875],[81.9,27.854],[81.83,27.899],[81.805,27.904],[81.743,27.953],[81.698,27.988],[81.644,27.994],[81.547,28.049],[81.478,28.083],[81.484,28.119],[81.45,28.141],[81.447,28.161],[81.418,28.174],[81.374,28.177],[81.367,28.142],[81.318,28.145],[81.321,28.198],[81.292,28.223],[81.233,28.289],[81.234,28.325],[81.211,28.361],[81.08,28.385],[81.055,28.404],[80.999,28.453],[80.979,28.434],[80.944,28.455],[80.906,28.466],[80.896,28.507],[80.844,28.5],[80.815,28.521],[80.785,28.529],[80.769,28.566],[80.738,28.575],[80.715,28.568],[80.651,28.634],[80.612,28.64],[80.58,28.661],[80.591,28.68],[80.54,28.691],[80.503,28.665],[80.523,28.554],[80.47,28.594],[80.459,28.623],[80.414,28.639],[80.361,28.635],[80.326,28.666],[80.317,28.7],[80.279,28.71],[80.257,28.729],[80.251,28.758],[80.216,28.756],[80.171,28.783],[80.118,28.829],[80.075,28.824],[80.065,28.837],[80.068,28.803],[80.03,28.749],[79.954,28.723],[79.925,28.775],[79.874,28.796],[79.888,28.837],[79.863,28.838],[79.85,28.8],[79.824,28.807],[79.845,28.851],[79.846,28.873],[79.8,28.887],[79.789,28.873],[79.749,28.872],[79.707,28.841],[79.683,28.85],[79.656,28.87],[79.621,28.863],[79.584,28.846],[79.584,28.879],[79.556,28.899],[79.533,28.87],[79.426,28.866],[79.422,28.9],[79.428,28.913],[79.408,28.952],[79.391,28.947],[79.372,28.986],[79.356,28.968],[79.311,28.974],[79.261,28.991],[79.245,29.01],[79.204,29.021],[79.178,29.013],[79.172,29.045],[79.143,29.067],[79.153,29.114],[79.075,29.152],[79.051,29.157],[79.025,29.112],[78.975,29.13],[78.935,29.13],[78.872,29.224],[78.838,29.241],[78.82,29.232],[78.771,29.265],[78.727,29.306],[78.767,29.336],[78.795,29.325],[78.822,29.359],[78.856,29.35],[78.912,29.394],[78.921,29.434],[78.811,29.466],[78.8,29.465],[78.746,29.5],[78.711,29.5],[78.65,29.546],[78.618,29.558],[78.565,29.601],[78.521,29.658],[78.517,29.719],[78.489,29.738],[78.445,29.75],[78.427,29.765],[78.377,29.774],[78.336,29.797],[78.293,29.759],[78.246,29.735],[78.204,29.737],[78.196,29.693],[78.181,29.697],[78.131,29.653],[78.057,29.631],[78.018,29.598],[78.022,29.581],[77.967,29.58],[77.933,29.601],[77.948,29.617],[77.976,29.617],[77.983,29.641],[77.926,29.714],[77.911,29.696],[77.879,29.7],[77.839,29.67],[77.82,29.674],[77.81,29.702],[77.77,29.718],[77.78,29.765],[77.756,29.806],[77.742,29.852],[77.723,29.856],[77.717,29.887],[77.747,29.91],[77.73,29.932],[77.76,29.964],[77.744,29.984],[77.785,30.028],[77.77,30.043],[77.801,30.095],[77.828,30.086],[77.866,30.119],[77.912,30.183],[77.919,30.211],[77.962,30.242],[77.886,30.267],[77.846,30.272],[77.766,30.314],[77.721,30.331],[77.677,30.388],[77.585,30.405],[77.576,30.397],[77.586,30.379],[77.605,30.367],[77.578,30.331],[77.582,30.306],[77.538,30.278],[77.53,30.25],[77.501,30.219],[77.481,30.184],[77.457,30.162],[77.43,30.164],[77.406,30.088],[77.382,30.092],[77.334,30.054],[77.297,30.053],[77.278,30.001],[77.247,29.977],[77.229,29.94],[77.211,29.919],[77.197,29.858],[77.178,29.842],[77.173,29.802],[77.125,29.769],[77.134,29.718],[77.15,29.688],[77.132,29.642],[77.106,29.632],[77.113,29.61],[77.108,29.548],[77.096,29.519],[77.132,29.485],[77.123,29.455],[77.148,29.434],[77.123,29.37],[77.135,29.34],[77.16,29.337],[77.153,29.298],[77.139,29.266],[77.15,29.233],[77.133,29.222],[77.143,29.167],[77.136,29.142],[77.149,29.117],[77.134,29.095],[77.165,29.077],[77.168,29.033],[77.188,29.03],[77.203,28.985],[77.196,28.938],[77.234,28.911],[77.228,28.881],[77.21,28.858],[77.223,28.833],[77.208,28.788],[77.216,28.785],[77.236,28.761],[77.291,28.722],[77.297,28.705],[77.326,28.71],[77.316,28.641],[77.342,28.61],[77.303,28.584],[77.298,28.571],[77.304,28.552],[77.345,28.513],[77.375,28.476],[77.433,28.455],[77.436,28.431],[77.478,28.419],[77.505,28.363],[77.472,28.337],[77.506,28.304],[77.491,28.271],[77.498,28.248],[77.519,28.243],[77.549,28.176],[77.493,28.139],[77.512,28.125],[77.476,28.085],[77.5,28.062],[77.544,27.962],[77.526,27.925],[77.475,27.929],[77.479,27.898],[77.451,27.871],[77.422,27.891],[77.413,27.852],[77.349,27.856],[77.335,27.847],[77.331,27.831],[77.284,27.801],[77.301,27.795],[77.319,27.733],[77.304,27.71],[77.341,27.703],[77.353,27.651],[77.317,27.607],[77.335,27.591],[77.34,27.527],[77.399,27.5],[77.402,27.477],[77.434,27.46],[77.421,27.422],[77.44,27.391],[77.507,27.377],[77.548,27.337],[77.578,27.328],[77.613,27.332],[77.599,27.297],[77.617,27.286],[77.646,27.242],[77.681,27.194],[77.658,27.17],[77.622,27.172],[77.604,27.124],[77.538,27.098],[77.526,27.078],[77.577,27.068],[77.573,27.049],[77.602,27.023],[77.642,27.026],[77.666,27.017],[77.68,27.047],[77.711,26.997],[77.738,27.03],[77.762,27.001],[77.745,26.985],[77.661,26.971],[77.583,26.924],[77.49,26.9],[77.427,26.859],[77.422,26.841],[77.445,26.816],[77.431,26.771],[77.469,26.766],[77.455,26.742],[77.486,26.749],[77.503,26.769],[77.487,26.788],[77.501,26.817],[77.556,26.818],[77.608,26.828],[77.675,26.858],[77.687,26.875],[77.723,26.874],[77.718,26.897],[77.732,26.92],[77.775,26.932],[77.878,26.902],[77.968,26.904],[77.987,26.889],[78.022,26.899],[78.05,26.879],[78.057,26.907],[78.112,26.904],[78.125,26.949],[78.169,26.948],[78.211,26.931],[78.221,26.943],[78.257,26.935],[78.272,26.919],[78.233,26.874],[78.209,26.869],[78.222,26.83],[78.272,26.816],[78.278,26.851],[78.304,26.862],[78.358,26.87],[78.373,26.863],[78.4,26.818],[78.435,26.825],[78.463,26.788],[78.522,26.781],[78.546,26.764],[78.573,26.751],[78.613,26.752],[78.63,26.773],[78.663,26.762],[78.685,26.789],[78.724,26.797],[78.736,26.775],[78.758,26.785],[78.777,26.758],[78.812,26.763],[78.872,26.698],[78.906,26.706],[78.956,26.692],[78.974,26.673],[79.004,26.674],[78.994,26.644],[79.017,26.601],[78.987,26.593],[79.019,26.541],[79.068,26.497],[79.06,26.465],[79.069,26.442],[79.1,26.453],[79.135,26.44],[79.124,26.412],[79.091,26.405],[79.097,26.381],[79.084,26.358],[79.12,26.348],[79.135,26.325],[79.102,26.307],[79.084,26.28],[79.054,26.263],[79.065,26.23],[79.027,26.203],[78.983,26.184],[79.005,26.168],[78.952,26.129],[79.001,26.091],[79.003,26.067],[78.948,26.026],[78.952,25.988],[78.937,25.953],[78.884,25.908],[78.887,25.868],[78.851,25.853],[78.873,25.835],[78.873,25.808],[78.818,25.829],[78.807,25.799],[78.756,25.729],[78.817,25.676],[78.81,25.619],[78.741,25.597],[78.73,25.606],[78.679,25.585],[78.66,25.561],[78.598,25.571],[78.59,25.557],[78.556,25.559],[78.493,25.579],[78.467,25.559],[78.444,25.563],[78.419,25.531],[78.418,25.476],[78.395,25.444],[78.358,25.452],[78.339,25.431],[78.341,25.416],[78.341,25.401],[78.301,25.362],[78.328,25.353],[78.339,25.292],[78.372,25.259],[78.393,25.203],[78.417,25.184],[78.427,25.146],[78.447,25.122],[78.402,25.127],[78.376,25.099],[78.337,25.085],[78.335,25.069],[78.345,25.011],[78.298,24.967],[78.222,24.914],[78.211,24.895],[78.174,24.879],[78.174,24.846],[78.193,24.843],[78.236,24.772],[78.226,24.753],[78.258,24.703],[78.277,24.662],[78.264,24.651],[78.277,24.618],[78.264,24.552],[78.227,24.534],[78.271,24.477],[78.266,24.451],[78.324,24.408],[78.339,24.404],[78.357,24.367],[78.33,24.326],[78.347,24.3],[78.395,24.269],[78.44,24.297],[78.438,24.312],[78.478,24.339],[78.474,24.356],[78.502,24.39],[78.596,24.335],[78.603,24.315],[78.628,24.304],[78.659,24.268],[78.669,24.24],[78.703,24.227],[78.741,24.247],[78.765,24.23],[78.789,24.177],[78.812,24.181],[78.847,24.214],[78.877,24.214],[78.884,24.25],[78.916,24.268],[78.91,24.296],[78.941,24.315],[78.963,24.344],[78.991,24.417],[78.986,24.441],[78.947,24.437],[78.915,24.458],[78.949,24.501],[78.935,24.561],[78.914,24.585],[78.883,24.641],[78.835,24.605],[78.784,24.589],[78.757,24.599],[78.747,24.662],[78.781,24.707],[78.77,24.758],[78.774,24.795],[78.79,24.81],[78.775,24.85],[78.753,24.869],[78.71,24.88],[78.677,24.899],[78.663,24.938],[78.636,24.959],[78.653,25.05],[78.64,25.071],[78.602,25.095],[78.603,25.147],[78.571,25.205],[78.556,25.211],[78.578,25.254],[78.511,25.277],[78.504,25.29],[78.45,25.263],[78.455,25.301],[78.477,25.289],[78.531,25.3],[78.549,25.357],[78.584,25.347],[78.578,25.381],[78.601,25.409],[78.645,25.413],[78.66,25.442],[78.711,25.428],[78.659,25.385],[78.695,25.374],[78.724,25.344],[78.775,25.353],[78.752,25.413],[78.771,25.423],[78.732,25.458],[78.736,25.494],[78.773,25.476],[78.797,25.483],[78.835,25.455],[78.866,25.466],[78.842,25.513],[78.884,25.516],[78.884,25.554],[78.916,25.546],[78.939,25.557],[78.953,25.538],[78.921,25.514],[78.944,25.483],[78.933,25.43],[78.958,25.44],[78.971,25.408],[78.959,25.372],[78.939,25.347],[78.901,25.362],[78.88,25.386],[78.841,25.345],[78.819,25.307],[78.788,25.3],[78.852,25.23],[78.866,25.28],[78.863,25.314],[78.884,25.344],[78.931,25.325],[78.957,25.325],[78.964,25.299],[78.938,25.26],[78.92,25.274],[78.872,25.188],[78.884,25.159],[78.934,25.212],[78.97,25.216],[79.006,25.195],[79.003,25.228],[78.975,25.237],[78.994,25.273],[79.014,25.274],[79.022,25.241],[79.064,25.222],[79.045,25.202],[79.029,25.141],[79.051,25.134],[79.071,25.168],[79.095,25.176],[79.126,25.161],[79.116,25.14],[79.144,25.115],[79.173,25.108],[79.191,25.145],[79.221,25.114],[79.24,25.113],[79.249,25.14],[79.283,25.118],[79.323,25.15],[79.304,25.178],[79.292,25.184],[79.279,25.245],[79.302,25.238],[79.339,25.199],[79.35,25.264],[79.31,25.26],[79.296,25.282],[79.274,25.261],[79.263,25.273],[79.279,25.324],[79.3,25.338],[79.342,25.329],[79.369,25.292],[79.408,25.274],[79.409,25.256],[79.447,25.245],[79.39,25.17],[79.384,25.143],[79.406,25.106],[79.439,25.127],[79.474,25.121],[79.465,25.088],[79.492,25.08],[79.561,25.17],[79.6,25.144],[79.671,25.123],[79.747,25.139],[79.826,25.107],[79.866,25.141],[79.87,25.172],[79.851,25.227],[79.877,25.251],[79.893,25.242],[79.937,25.248],[79.948,25.269],[79.981,25.262],[80.022,25.298],[80.019,25.322],[80.034,25.342],[80.073,25.337],[80.104,25.351],[80.131,25.334],[80.169,25.377],[80.197,25.381],[80.196,25.402],[80.253,25.401],[80.264,25.424],[80.3,25.407],[80.316,25.386],[80.322,25.335],[80.311,25.286],[80.348,25.278],[80.408,25.218],[80.432,25.178],[80.357,25.142],[80.355,25.127],[80.376,25.115],[80.351,25.09],[80.346,25.065],[80.311,25.044],[80.291,25.06],[80.274,25.026],[80.331,24.992],[80.348,25.018],[80.377,25.02],[80.393,25.064],[80.408,25.057],[80.449,25.079],[80.467,25.065],[80.449,25.041],[80.457,24.981],[80.474,24.976],[80.498,25.006],[80.531,25.001],[80.546,25.032],[80.52,25.04],[80.545,25.065],[80.592,25.09],[80.601,25.15],[80.633,25.13],[80.61,25.096],[80.719,25.064],[80.766,25.053],[80.784,25.076],[80.753,25.092],[80.723,25.095],[80.745,25.129],[80.777,25.137],[80.815,25.132],[80.829,25.106],[80.842,25.185],[80.882,25.182],[80.904,25.159],[80.869,25.117],[80.878,25.065],[80.848,25.045],[80.835,25.024],[80.852,24.988],[80.812,24.97],[80.806,24.944],[80.83,24.918],[80.946,24.966],[80.964,24.929],[81.013,24.928],[81.034,24.953],[81.09,24.945],[81.087,24.933],[81.123,24.9],[81.16,24.914],[81.172,24.957],[81.215,24.933],[81.224,24.999],[81.269,25.067],[81.26,25.075],[81.266,25.14],[81.292,25.162],[81.336,25.169],[81.357,25.163],[81.385,25.132],[81.438,25.131],[81.445,25.106],[81.471,25.079],[81.502,25.096],[81.484,25.116],[81.5,25.149],[81.527,25.138],[81.54,25.186],[81.57,25.192],[81.594,25.182],[81.626,25.145],[81.598,25.132],[81.615,25.106],[81.611,25.057],[81.643,25.058],[81.669,25.071],[81.708,25.035],[81.724,25.05],[81.781,25.019],[81.792,25.004],[81.835,25.017],[81.891,24.996],[81.908,24.98],[81.92,24.928],[81.908,24.881],[81.934,24.87],[81.943,24.844],[81.959,24.837],[82.011,24.847],[82.098,24.816],[82.107,24.805],[82.167,24.786],[82.187,24.794],[82.215,24.754],[82.243,24.745],[82.251,24.711],[82.23,24.681],[82.264,24.666],[82.286,24.675],[82.303,24.656],[82.299,24.605],[82.33,24.618],[82.362,24.599],[82.402,24.591],[82.418,24.642],[82.407,24.683],[82.428,24.702],[82.457,24.673],[82.523,24.676],[82.54,24.648],[82.671,24.697],[82.701,24.676],[82.698,24.646],[82.774,24.642],[82.782,24.595],[82.803,24.597],[82.808,24.549],[82.752,24.538],[82.721,24.546],[82.721,24.514],[82.743,24.498],[82.733,24.437],[82.713,24.381],[82.726,24.368],[82.76,24.377],[82.773,24.308],[82.756,24.261],[82.759,24.236],[82.736,24.223],[82.744,24.165],[82.728,24.135],[82.683,24.155],[82.664,24.129],[82.705,24.098],[82.711,24.081],[82.774,24.075],[82.751,24.012],[82.804,24.003],[82.813,23.96],[82.828,23.962],[82.867,23.925],[82.954,23.871],[83.054,23.879],[83.075,23.87],[83.141,23.885],[83.154,23.904],[83.208,23.921],[83.243,24.012],[83.279,24.018],[83.282,24.05],[83.329,24.101],[83.355,24.127],[83.382,24.195],[83.378,24.229],[83.408,24.263],[83.407,24.289],[83.38,24.313],[83.411,24.34],[83.434,24.339],[83.448,24.371],[83.43,24.4],[83.405,24.405],[83.405,24.436],[83.386,24.458],[83.402,24.503],[83.503,24.525],[83.522,24.547],[83.53,24.582],[83.523,24.599],[83.544,24.628],[83.502,24.649],[83.52,24.678],[83.485,24.702],[83.489,24.736],[83.458,24.733],[83.428,24.768],[83.393,24.782],[83.402,24.813],[83.368,24.877],[83.36,24.956],[83.343,24.965],[83.35,25.009],[83.32,25.017],[83.343,25.051],[83.341,25.082],[83.363,25.111],[83.363,25.153],[83.354,25.189],[83.384,25.203],[83.406,25.238],[83.485,25.279],[83.517,25.285],[83.54,25.316],[83.586,25.316],[83.63,25.33],[83.66,25.364],[83.702,25.396],[83.758,25.39],[83.783,25.397],[83.808,25.409],[83.826,25.436],[83.812,25.449],[83.857,25.469],[83.878,25.503],[83.93,25.557],[83.956,25.57],[84.017,25.614],[84.081,25.636],[84.075,25.696],[84.105,25.721],[84.154,25.727],[84.199,25.702],[84.206,25.669],[84.223,25.663],[84.295,25.661],[84.324,25.671],[84.328,25.732],[84.336,25.744],[84.384,25.733],[84.407,25.698],[84.431,25.711],[84.462,25.709],[84.52,25.675],[84.535,25.691],[84.562,25.686],[84.56,25.737],[84.6,25.738],[84.624,25.793],[84.551,25.841],[84.534,25.876],[84.511,25.872],[84.489,25.888],[84.455,25.889],[84.428,25.891],[84.412,25.931],[84.354,25.959],[84.312,25.944],[84.207,25.999],[84.176,25.997],[84.172,26.025],[84.137,26.052],[84.121,26.077],[84.089,26.1],[84.056,26.1],[84.051,26.127],[84.027,26.142],[84.01,26.174],[84.06,26.224],[84.117,26.24],[84.12,26.258],[84.177,26.266],[84.185,26.315],[84.173,26.331],[84.177,26.37],[84.122,26.385],[84.068,26.388],[84.034,26.412],[84.017,26.448],[83.991,26.432],[83.911,26.45],[83.916,26.517],[83.94,26.525],[83.969,26.507],[83.981,26.532],[84.007,26.525],[84.048,26.536],[84.055,26.551],[84.09,26.607],[84.088,26.636],[84.159,26.636],[84.285,26.6],[84.354,26.62],[84.379,26.615],[84.414,26.636],[84.41,26.67],[84.33,26.684],[84.326,26.714],[84.306,26.749],[84.286,26.75],[84.256,26.727],[84.233,26.754],[84.26,26.807],[84.254,26.857],[84.219,26.871],[84.19,26.858],[84.182,26.834],[84.141,26.853],[84.13,26.893],[84.08,26.878],[84.052,26.906],[84.044,26.931],[84.056,26.99],[84.049,27.035],[84.006,27.06],[84.029,27.087],[84.016,27.105],[83.965,27.084],[83.947,27.112],[83.979,27.165],[83.987,27.198],[83.956,27.235],[83.912,27.246],[83.907,27.276],[83.93,27.293],[83.925,27.321],[83.904,27.327],[83.871,27.307],[83.852,27.318],[83.864,27.347]]]},"properties":{"state":"Uttar Pradesh"}},
{"type":"Feature","geometry":{"type":"Polygon","coordinates":[[[73.054,8.273],[73.039,8.272],[73.043,8.264],[73.054,8.273]]]},"properties":{"state":"Lakshadweep"}}
]}